candidate,recipe,vocab_size,category,documents,chars,utf8_bytes,characters_per_token,bytes_per_token,exact_round_trip_rate,unknown_token_count,byte_fallback_tokens,fallback_byte_token_utilization,average_piece_length,longest_piece_chars,token_count_p50,token_count_p90,token_count_p99,tokens_per_document,tokens_per_episode,context_chars_512,context_chars_1024,context_chars_2048,context_chars_4096
j-reversible-sp-unigram-8k,J,8000,aa,97,468268,1303346,1.5420698012922263,4.292094499805705,1.0,0,377,0.0012415119442011184,1.6942215379342993,16,2459,4298.6,17894.239999999972,3130.536082474227,3130.536082474227,789.5397382616198,1579.0794765232397,3158.1589530464794,6316.317906092959
j-reversible-sp-unigram-8k,J,8000,aozora_kyu_kyu,15,98589,283524,1.3755964838844705,3.955964838844705,1.0,0,564,0.007869401423189619,1.571971660634478,16,2038,12034.8,16555.799999999996,4778.0,4778.0,704.3053997488489,1408.6107994976978,2817.2215989953957,5634.443197990791
j-reversible-sp-unigram-8k,J,8000,aozora_shin_kyu,51,363135,1049668,1.3909114935440503,4.020530341623353,1.0,0,1893,0.007250734457650425,1.6031951931719763,16,3064,8774,43823.5,5119.156862745098,5119.156862745098,712.1466846945538,1424.2933693891075,2848.586738778215,5697.17347755643
j-reversible-sp-unigram-8k,J,8000,aozora_shin_shin,37,500000,1454404,1.3899931612336467,4.043223227341722,1.0,0,1481,0.004117159743574061,1.5287336572961525,16,3869,16410.6,75222.56000000001,9722.0,9722.0,711.6764985516271,1423.3529971032542,2846.7059942065084,5693.411988413017
j-reversible-sp-unigram-8k,J,8000,code,1,36,36,1.0588235294117647,1.0588235294117647,1.0,0,0,0.0,1.088235294117647,2,34,34,34,34.0,34.0,542.1176470588235,1084.235294117647,2168.470588235294,4336.941176470588
j-reversible-sp-unigram-8k,J,8000,english,1,44,44,1.1,1.1,1.0,0,0,0.0,1.1,4,40,40,40,40.0,40.0,563.2,1126.4,2252.8,4505.6
j-reversible-sp-unigram-8k,J,8000,gyaru,13,211,547,0.83399209486166,2.1620553359683794,1.0,0,97,0.383399209486166,2.529820080450054,6,16,28.8,35.16,19.46153846153846,19.46153846153846,427.00395256916994,854.0079051383399,1708.0158102766798,3416.0316205533595
j-reversible-sp-unigram-8k,J,8000,historical_kana,1,11,33,1.5714285714285714,4.714285714285714,1.0,0,0,0.0,1.5714285714285714,4,7,7,7,7.0,7.0,804.5714285714286,1609.142857142857,3218.285714285714,6436.571428571428
j-reversible-sp-unigram-8k,J,8000,kakikudashi,690,7344,22032,1.0030046435400164,3.009013930620049,1.0,0,783,0.10693799508331057,1.537426974632184,6,10.0,14.0,18.0,10.611594202898551,10.611594202898551,513.5383774924884,1027.0767549849768,2054.1535099699536,4108.307019939907
j-reversible-sp-unigram-8k,J,8000,kanbun,690,4292,12876,0.893980420745678,2.681941262237034,1.0,0,801,0.16684024161632993,1.6507809823027213,6,7.0,9.0,11.0,6.957971014492753,6.957971014492753,457.7179754217871,915.4359508435742,1830.8719016871485,3661.743803374297
j-reversible-sp-unigram-8k,J,8000,modern_ja,1,11,33,1.375,4.125,1.0,0,0,0.0,1.375,4,8,8,8,8.0,8.0,704.0,1408.0,2816.0,5632.0
j-reversible-sp-unigram-8k,J,8000,old_orthography,1,13,39,1.4444444444444444,4.333333333333333,1.0,0,0,0.0,1.4444444444444444,4,9,9,9,9.0,9.0,739.5555555555555,1479.111111111111,2958.222222222222,5916.444444444444
j-reversible-sp-unigram-8k,J,8000,ruby_rendered,2,25,75,1.0416666666666667,3.125,1.0,0,0,0.0,1.0416666666666665,2,12.0,12.0,12.0,12.0,12.0,533.3333333333334,1066.6666666666667,2133.3333333333335,4266.666666666667
j-reversible-sp-unigram-8k,J,8000,technical,2,34542,54848,1.1185156401787448,1.7760507739136067,1.0,0,251,0.008127711935755457,1.248266800139004,16,15441.0,18690.6,19421.760000000002,15441.0,15441.0,572.6800077715174,1145.3600155430347,2290.7200310860694,4581.440062172139
j-reversible-sp-unigram-8k,J,8000,technical_ja,1,27,43,1.08,1.72,1.0,0,0,0.0,1.08,2,25,25,25,25.0,25.0,552.96,1105.92,2211.84,4423.68
j-reversible-sp-unigram-8k,J,8000,unicode_edge,14,70,137,0.6862745098039216,1.3431372549019607,1.0,0,45,0.4411764705882353,2.9197595704948647,6,7.5,11.400000000000002,16.349999999999994,7.285714285714286,7.285714285714286,351.37254901960785,702.7450980392157,1405.4901960784314,2810.9803921568628
j-reversible-sp-unigram-8k,J,8000,web_novel,26,148548,395051,1.3987307207020583,3.719807536581232,1.0,0,134,0.0012617464831170787,1.5593927672564627,16,3719.5,8275.5,12067.75,4084.6923076923076,4084.6923076923076,716.1501289994538,1432.3002579989077,2864.6005159978154,5729.201031995631
j-reversible-sp-unigram-8k,J,8000,whitespace,2,34,46,1.0625,1.4375,1.0,0,1,0.03125,1.6818181818181819,8,16.0,20.0,20.9,16.0,16.0,544.0,1088.0,2176.0,4352.0
j-reversible-sp-unigram-16k,J,16000,aa,97,468268,1303346,2.1320475520527427,5.934199323416791,1.0,0,377,0.0017164997973892811,2.329755321821816,16,1800,3208.0,13089.399999999983,2264.257731958763,2264.257731958763,1091.6083466510042,2183.2166933020085,4366.433386604017,8732.866773208034
j-reversible-sp-unigram-16k,J,16000,aozora_kyu_kyu,15,98589,283524,1.7586963502087125,5.057690249384566,1.0,0,564,0.010061008241464197,1.9756519893673639,16,1623,8911.2,13771.119999999997,3737.2,3737.2,900.4525313068608,1800.9050626137216,3601.810125227443,7203.620250454886
j-reversible-sp-unigram-16k,J,16000,aozora_shin_kyu,51,363135,1049668,1.781986544378524,5.150961080768079,1.0,0,1893,0.009289384191853019,2.0182609993584935,16,2395,7181,33390.5,3995.705882352941,3995.705882352941,912.3771107218043,1824.7542214436087,3649.5084428872174,7299.016885774435
j-reversible-sp-unigram-16k,J,16000,aozora_shin_shin,37,500000,1454404,1.893186422066981,5.506915809999811,1.0,0,1481,0.005607618182162397,2.0666169510508525,16,2817,11762.399999999998,54415.32000000001,7137.972972972973,7137.972972972973,969.3114480982942,1938.6228961965885,3877.245792393177,7754.491584786354
j-reversible-sp-unigram-16k,J,16000,code,1,36,36,1.125,1.125,1.0,0,0,0.0,1.15625,2,32,32,32,32.0,32.0,576.0,1152.0,2304.0,4608.0
j-reversible-sp-unigram-16k,J,16000,english,1,44,44,1.1,1.1,1.0,0,0,0.0,1.1,4,40,40,40,40.0,40.0,563.2,1126.4,2252.8,4505.6
j-reversible-sp-unigram-16k,J,16000,gyaru,13,211,547,0.8828451882845189,2.288702928870293,1.0,0,97,0.40585774058577406,2.6572865242626516,6,14,28.8,35.16,18.384615384615383,18.384615384615383,452.01673640167365,904.0334728033473,1808.0669456066946,3616.1338912133892
j-reversible-sp-unigram-16k,J,16000,historical_kana,1,11,33,1.5714285714285714,4.714285714285714,1.0,0,0,0.0,1.5714285714285714,4,7,7,7,7.0,7.0,804.5714285714286,1609.142857142857,3218.285714285714,6436.571428571428
j-reversible-sp-unigram-16k,J,16000,kakikudashi,690,7344,22032,1.0825471698113207,3.2476415094339623,1.0,0,783,0.11541863207547169,1.6569024281357705,6,10.0,13.0,16.110000000000014,9.831884057971015,9.831884057971015,554.2641509433962,1108.5283018867924,2217.056603773585,4434.11320754717
j-reversible-sp-unigram-16k,J,16000,kanbun,690,4292,12876,0.9041499894670318,2.7124499684010956,1.0,0,801,0.16873815041078577,1.6703730810252548,6,7.0,9.0,11.0,6.879710144927536,6.879710144927536,462.9247946071203,925.8495892142406,1851.6991784284812,3703.3983568569624
j-reversible-sp-unigram-16k,J,16000,modern_ja,1,11,33,2.75,8.25,1.0,0,0,0.0,2.75,4,4,4,4,4.0,4.0,1408.0,2816.0,5632.0,11264.0
j-reversible-sp-unigram-16k,J,16000,old_orthography,1,13,39,1.8571428571428572,5.571428571428571,1.0,0,0,0.0,1.8571428571428572,4,7,7,7,7.0,7.0,950.8571428571429,1901.7142857142858,3803.4285714285716,7606.857142857143
j-reversible-sp-unigram-16k,J,16000,ruby_rendered,2,25,75,1.1904761904761905,3.5714285714285716,1.0,0,0,0.0,1.1954545454545453,3,10.5,10.9,10.99,10.5,10.5,609.5238095238095,1219.047619047619,2438.095238095238,4876.190476190476
j-reversible-sp-unigram-16k,J,16000,technical,2,34542,54848,1.2869118140158713,2.043441004433516,1.0,0,251,0.009351365448381208,1.4390106513822007,16,13420.5,16316.900000000001,16968.59,13420.5,13420.5,658.8988487761261,1317.7976975522522,2635.5953951045044,5271.190790209009
j-reversible-sp-unigram-16k,J,16000,technical_ja,1,27,43,1.125,1.7916666666666667,1.0,0,0,0.0,1.125,2,24,24,24,24.0,24.0,576.0,1152.0,2304.0,4608.0
j-reversible-sp-unigram-16k,J,16000,unicode_edge,14,70,137,0.7216494845360825,1.4123711340206186,1.0,0,45,0.4639175257731959,2.9842436974789917,6,6.5,11.400000000000002,16.349999999999994,6.928571428571429,6.928571428571429,369.4845360824742,738.9690721649484,1477.9381443298969,2955.8762886597938
j-reversible-sp-unigram-16k,J,16000,web_novel,26,148548,395051,1.829746874422615,4.866059001046992,1.0,0,134,0.0016505512101989285,2.1449839723141837,16,2643.0,6942.0,9273.25,3122.5,3122.5,936.8303997043789,1873.6607994087578,3747.3215988175157,7494.643197635031
j-reversible-sp-unigram-16k,J,16000,whitespace,2,34,46,1.3076923076923077,1.7692307692307692,1.0,0,1,0.038461538461538464,2.0620915032679736,8,13.0,16.2,16.92,13.0,13.0,669.5384615384615,1339.076923076923,2678.153846153846,5356.307692307692
j-reversible-sp-unigram-24k,J,24000,aa,97,468268,1303346,2.3850824114255444,6.638479718028646,1.0,0,377,0.0019202167756657092,2.599144745773646,16,1611,2851.6000000000004,11601.759999999986,2024.041237113402,2024.041237113402,1221.1621946498788,2442.3243892997575,4884.648778599515,9769.29755719903
j-reversible-sp-unigram-24k,J,24000,aozora_kyu_kyu,15,98589,283524,1.9550835861740734,5.622464156106847,1.0,0,564,0.011184484502349932,2.210676869705221,16,1479,7947.8,12553.079999999998,3361.8,3361.8,1001.0027961211256,2002.0055922422512,4004.0111844845023,8008.022368969005
j-reversible-sp-unigram-24k,J,24000,aozora_shin_kyu,51,363135,1049668,1.9911882919981796,5.755673873587358,1.0,0,1893,0.010379939793059203,2.261163863388579,16,2147,6353,29799.0,3575.901960784314,3575.901960784314,1019.488405503068,2038.976811006136,4077.953622012272,8155.907244024544
j-reversible-sp-unigram-24k,J,24000,aozora_shin_shin,37,500000,1454404,2.112351765714841,6.144425714925455,1.0,0,1481,0.0062567859300473585,2.309868256851911,16,2480,10508.999999999998,48747.12000000001,6397.378378378378,6397.378378378378,1081.5241040459987,2163.0482080919974,4326.096416183995,8652.19283236799
j-reversible-sp-unigram-24k,J,24000,code,1,36,36,1.2857142857142858,1.2857142857142858,1.0,0,0,0.0,1.3214285714285714,3,28,28,28,28.0,28.0,658.2857142857143,1316.5714285714287,2633.1428571428573,5266.285714285715
j-reversible-sp-unigram-24k,J,24000,english,1,44,44,1.375,1.375,1.0,0,0,0.0,1.375,4,32,32,32,32.0,32.0,704.0,1408.0,2816.0,5632.0
j-reversible-sp-unigram-24k,J,24000,gyaru,13,211,547,0.9295154185022027,2.409691629955947,1.0,0,97,0.42731277533039647,2.794765917842841,6,13,27.8,35.03999999999999,17.46153846153846,17.46153846153846,475.91189427312776,951.8237885462555,1903.647577092511,3807.295154185022
j-reversible-sp-unigram-24k,J,24000,historical_kana,1,11,33,1.5714285714285714,4.714285714285714,1.0,0,0,0.0,1.5714285714285714,4,7,7,7,7.0,7.0,804.5714285714286,1609.142857142857,3218.285714285714,6436.571428571428
j-reversible-sp-unigram-24k,J,24000,kakikudashi,690,7344,22032,1.1409041478949822,3.4227124436849463,1.0,0,783,0.12164051576821501,1.7373845531982564,6,9.0,13.0,16.0,9.328985507246378,9.328985507246378,584.1429237222309,1168.2858474444618,2336.5716948889235,4673.143389777847
j-reversible-sp-unigram-24k,J,24000,kanbun,690,4292,12876,0.91260897299596,2.73782691898788,1.0,0,801,0.17031681905166915,1.684427758232106,6,7.0,9.0,11.0,6.815942028985507,6.815942028985507,467.2557941739315,934.511588347863,1869.023176695726,3738.046353391452
j-reversible-sp-unigram-24k,J,24000,modern_ja,1,11,33,2.75,8.25,1.0,0,0,0.0,2.75,4,4,4,4,4.0,4.0,1408.0,2816.0,5632.0,11264.0
j-reversible-sp-unigram-24k,J,24000,old_orthography,1,13,39,1.8571428571428572,5.571428571428571,1.0,0,0,0.0,1.8571428571428572,4,7,7,7,7.0,7.0,950.8571428571429,1901.7142857142858,3803.4285714285716,7606.857142857143
j-reversible-sp-unigram-24k,J,24000,ruby_rendered,2,25,75,1.4705882352941178,4.411764705882353,1.0,0,0,0.0,1.4791666666666665,3,8.5,8.9,8.99,8.5,8.5,752.9411764705883,1505.8823529411766,3011.764705882353,6023.529411764706
j-reversible-sp-unigram-24k,J,24000,technical,2,34542,54848,1.4964259411688254,2.376120954815232,1.0,0,251,0.010873803231815622,1.682864148240606,16,11541.5,14196.3,14793.630000000001,11541.5,11541.5,766.1700818784386,1532.3401637568772,3064.6803275137545,6129.360655027509
j-reversible-sp-unigram-24k,J,24000,technical_ja,1,27,43,1.2272727272727273,1.9545454545454546,1.0,0,0,0.0,1.2272727272727273,3,22,22,22,22.0,22.0,628.3636363636364,1256.7272727272727,2513.4545454545455,5026.909090909091
j-reversible-sp-unigram-24k,J,24000,unicode_edge,14,70,137,0.7291666666666666,1.4270833333333333,1.0,0,45,0.46875,2.9961484593837535,6,6.0,11.400000000000002,16.349999999999994,6.857142857142857,6.857142857142857,373.3333333333333,746.6666666666666,1493.3333333333333,2986.6666666666665
j-reversible-sp-unigram-24k,J,24000,web_novel,26,148548,395051,2.0300930671149193,5.398862968581307,1.0,0,134,0.0018312765637598567,2.4069875188598586,16,2333.0,6410.0,8405.25,2814.346153846154,2814.346153846154,1039.4076503628387,2078.8153007256774,4157.630601451355,8315.26120290271
j-reversible-sp-unigram-24k,J,24000,whitespace,2,34,46,1.7,2.3,1.0,0,1,0.05,2.5,8,10.0,11.6,11.96,10.0,10.0,870.4,1740.8,3481.6,6963.2
j-reversible-sp-unigram-32k,J,32000,aa,97,468268,1303346,2.4644776245085707,6.859463072413122,1.0,0,377,0.001984137426515865,2.688227535577234,16,1569,2783.0000000000005,11235.799999999983,1958.8350515463917,1958.8350515463917,1261.8125437483882,2523.6250874967764,5047.250174993553,10094.500349987105
j-reversible-sp-unigram-32k,J,32000,aozora_kyu_kyu,15,98589,283524,2.0526545908806995,5.903060587133042,1.0,0,564,0.011742660836976889,2.307745504664437,16,1424,7552.6,11909.779999999997,3202.0,3202.0,1050.9591505309181,2101.9183010618362,4203.8366021236725,8407.673204247345
j-reversible-sp-unigram-32k,J,32000,aozora_shin_kyu,51,363135,1049668,2.084120087925206,6.024299955807828,1.0,0,1893,0.010864387421874552,2.364840160398721,16,2071,6156,28489.0,3416.450980392157,3416.450980392157,1067.0694850177056,2134.138970035411,4268.277940070822,8536.555880141645
j-reversible-sp-unigram-32k,J,32000,aozora_shin_shin,37,500000,1454404,2.211821744861938,6.433764786028364,1.0,0,1481,0.006551416008281061,2.423548197217196,16,2382,10024.799999999997,46526.96000000001,6109.675675675676,6109.675675675676,1132.4527333693122,2264.9054667386245,4529.810933477249,9059.621866954498
j-reversible-sp-unigram-32k,J,32000,code,1,36,36,1.2413793103448276,1.2413793103448276,1.0,0,0,0.0,1.2758620689655173,4,29,29,29,29.0,29.0,635.5862068965517,1271.1724137931035,2542.344827586207,5084.689655172414
j-reversible-sp-unigram-32k,J,32000,english,1,44,44,1.4193548387096775,1.4193548387096775,1.0,0,0,0.0,1.4193548387096775,4,31,31,31,31.0,31.0,726.7096774193549,1453.4193548387098,2906.8387096774195,5813.677419354839
j-reversible-sp-unigram-32k,J,32000,gyaru,13,211,547,0.9295154185022027,2.409691629955947,1.0,0,97,0.42731277533039647,2.7954087223317994,6,13,28.0,35.03999999999999,17.46153846153846,17.46153846153846,475.91189427312776,951.8237885462555,1903.647577092511,3807.295154185022
j-reversible-sp-unigram-32k,J,32000,historical_kana,1,11,33,1.5714285714285714,4.714285714285714,1.0,0,0,0.0,1.5714285714285714,4,7,7,7,7.0,7.0,804.5714285714286,1609.142857142857,3218.285714285714,6436.571428571428
j-reversible-sp-unigram-32k,J,32000,kakikudashi,690,7344,22032,1.1640513552068474,3.492154065620542,1.0,0,783,0.12410841654778887,1.7718959082115293,6,9.0,12.0,16.110000000000014,9.143478260869566,9.143478260869566,595.9942938659059,1191.9885877318118,2383.9771754636236,4767.954350927247
j-reversible-sp-unigram-32k,J,32000,kanbun,690,4292,12876,0.9180748663101604,2.7542245989304814,1.0,0,801,0.17133689839572191,1.6938913381304685,6,7.0,9.0,11.0,6.77536231884058,6.77536231884058,470.05433155080215,940.1086631016043,1880.2173262032086,3760.434652406417
j-reversible-sp-unigram-32k,J,32000,modern_ja,1,11,33,2.75,8.25,1.0,0,0,0.0,2.75,4,4,4,4,4.0,4.0,1408.0,2816.0,5632.0,11264.0
j-reversible-sp-unigram-32k,J,32000,old_orthography,1,13,39,1.8571428571428572,5.571428571428571,1.0,0,0,0.0,1.8571428571428572,4,7,7,7,7.0,7.0,950.8571428571429,1901.7142857142858,3803.4285714285716,7606.857142857143
j-reversible-sp-unigram-32k,J,32000,ruby_rendered,2,25,75,1.4705882352941178,4.411764705882353,1.0,0,0,0.0,1.4791666666666665,3,8.5,8.9,8.99,8.5,8.5,752.9411764705883,1505.8823529411766,3011.764705882353,6023.529411764706
j-reversible-sp-unigram-32k,J,32000,technical,2,34542,54848,1.4668138774470254,2.329101023398021,1.0,0,251,0.010658626693277846,1.6387335742966123,16,11774.5,14287.7,14853.17,11774.5,11774.5,751.008705252877,1502.017410505754,3004.034821011508,6008.069642023016
j-reversible-sp-unigram-32k,J,32000,technical_ja,1,27,43,1.2272727272727273,1.9545454545454546,1.0,0,0,0.0,1.2272727272727273,3,22,22,22,22.0,22.0,628.3636363636364,1256.7272727272727,2513.4545454545455,5026.909090909091
j-reversible-sp-unigram-32k,J,32000,unicode_edge,14,70,137,0.7216494845360825,1.4123711340206186,1.0,0,45,0.4639175257731959,2.9568627450980394,6,6.0,11.400000000000002,16.349999999999994,6.928571428571429,6.928571428571429,369.4845360824742,738.9690721649484,1477.9381443298969,2955.8762886597938
j-reversible-sp-unigram-32k,J,32000,web_novel,26,148548,395051,2.1158875309802583,5.627026180098567,1.0,0,134,0.001908668774748597,2.4942774682778315,16,2251.5,6090.5,8072.75,2700.230769230769,2700.230769230769,1083.3344158618922,2166.6688317237845,4333.337663447569,8666.675326895138
j-reversible-sp-unigram-32k,J,32000,whitespace,2,34,46,1.619047619047619,2.1904761904761907,1.0,0,1,0.047619047619047616,2.4326923076923075,8,10.5,12.5,12.95,10.5,10.5,828.952380952381,1657.904761904762,3315.809523809524,6631.619047619048
j-reversible-sp-unigram-48k,J,48000,aa,97,468268,1303346,2.6627468597001007,7.411312471923529,1.0,0,377,0.0021437629009604287,2.8932734092087062,16,1463,2576.4,10283.159999999985,1812.979381443299,1812.979381443299,1363.3263921664516,2726.652784332903,5453.305568665806,10906.611137331613
j-reversible-sp-unigram-48k,J,48000,aozora_kyu_kyu,15,98589,283524,2.192718295449491,6.305858280325609,1.0,0,564,0.012543925981940304,2.461567749136615,16,1348,6998.0,11280.499999999996,2997.4666666666667,2997.4666666666667,1122.6717672701393,2245.3435345402786,4490.687069080557,8981.374138161114
j-reversible-sp-unigram-48k,J,48000,aozora_shin_kyu,51,363135,1049668,2.230093223773905,6.446245870027144,1.0,0,1893,0.011625336231990862,2.5226956705287895,16,1942,5800,26508.5,3192.823529411765,3192.823529411765,1141.8077305722393,2283.6154611444786,4567.230922288957,9134.461844577914
j-reversible-sp-unigram-48k,J,48000,aozora_shin_shin,37,500000,1454404,2.373605506764776,6.904362686921433,1.0,0,1481,0.0070306195110372656,2.6036331186624375,16,2228,9282.199999999997,43305.72000000001,5693.243243243243,5693.243243243243,1215.2860194635653,2430.5720389271305,4861.144077854261,9722.288155708522
j-reversible-sp-unigram-48k,J,48000,code,1,36,36,1.3333333333333333,1.3333333333333333,1.0,0,0,0.0,1.3703703703703705,4,27,27,27,27.0,27.0,682.6666666666666,1365.3333333333333,2730.6666666666665,5461.333333333333
j-reversible-sp-unigram-48k,J,48000,english,1,44,44,1.4666666666666666,1.4666666666666666,1.0,0,0,0.0,1.4666666666666666,4,30,30,30,30.0,30.0,750.9333333333333,1501.8666666666666,3003.733333333333,6007.466666666666
j-reversible-sp-unigram-48k,J,48000,gyaru,13,211,547,0.9461883408071748,2.4529147982062782,1.0,0,97,0.4349775784753363,2.8434144203374974,6,13,27.0,34.91999999999999,17.153846153846153,17.153846153846153,484.4484304932735,968.896860986547,1937.793721973094,3875.587443946188
j-reversible-sp-unigram-48k,J,48000,historical_kana,1,11,33,1.8333333333333333,5.5,1.0,0,0,0.0,1.8333333333333333,4,6,6,6,6.0,6.0,938.6666666666666,1877.3333333333333,3754.6666666666665,7509.333333333333
j-reversible-sp-unigram-48k,J,48000,kakikudashi,690,7344,22032,1.204329288291243,3.612987864873729,1.0,0,783,0.1284027550016399,1.8319920255631656,6,9.0,12.0,15.0,8.83768115942029,8.83768115942029,616.6165956051165,1233.233191210233,2466.466382420466,4932.932764840932
j-reversible-sp-unigram-48k,J,48000,kanbun,690,4292,12876,0.9263975825598963,2.7791927476796894,1.0,0,801,0.17289013598100583,1.7075081560951126,6,7.0,9.0,11.0,6.714492753623189,6.714492753623189,474.31556227066693,948.6311245413339,1897.2622490826677,3794.5244981653354
j-reversible-sp-unigram-48k,J,48000,modern_ja,1,11,33,2.75,8.25,1.0,0,0,0.0,2.75,4,4,4,4,4.0,4.0,1408.0,2816.0,5632.0,11264.0
j-reversible-sp-unigram-48k,J,48000,old_orthography,1,13,39,1.8571428571428572,5.571428571428571,1.0,0,0,0.0,1.8571428571428572,4,7,7,7,7.0,7.0,950.8571428571429,1901.7142857142858,3803.4285714285716,7606.857142857143
j-reversible-sp-unigram-48k,J,48000,ruby_rendered,2,25,75,1.4705882352941178,4.411764705882353,1.0,0,0,0.0,1.4791666666666665,3,8.5,8.9,8.99,8.5,8.5,752.9411764705883,1505.8823529411766,3011.764705882353,6023.529411764706
j-reversible-sp-unigram-48k,J,48000,technical,2,34542,54848,1.6473674170164059,2.6157954979015643,1.0,0,251,0.011970621900038154,1.8458973300723756,16,10484.0,12803.2,13325.02,10484.0,10484.0,843.4521175123998,1686.9042350247996,3373.8084700495992,6747.6169400991985
j-reversible-sp-unigram-48k,J,48000,technical_ja,1,27,43,1.2272727272727273,1.9545454545454546,1.0,0,0,0.0,1.2272727272727273,3,22,22,22,22.0,22.0,628.3636363636364,1256.7272727272727,2513.4545454545455,5026.909090909091
j-reversible-sp-unigram-48k,J,48000,unicode_edge,14,70,137,0.7446808510638298,1.4574468085106382,1.0,0,45,0.4787234042553192,3.0294817927170867,6,6.0,11.400000000000002,16.349999999999994,6.714285714285714,6.714285714285714,381.27659574468083,762.5531914893617,1525.1063829787233,3050.2127659574467
j-reversible-sp-unigram-48k,J,48000,web_novel,26,148548,395051,2.274680346068448,6.049322410228926,1.0,0,134,0.0020519102672077174,2.688626457574763,16,2093.0,5669.5,7506.0,2511.730769230769,2511.730769230769,1164.6363371870455,2329.272674374091,4658.545348748182,9317.090697496364
j-reversible-sp-unigram-48k,J,48000,whitespace,2,34,46,1.7894736842105263,2.4210526315789473,1.0,0,1,0.05263157894736842,2.5795454545454546,8,9.5,10.7,10.969999999999999,9.5,9.5,916.2105263157895,1832.421052631579,3664.842105263158,7329.684210526316
j-reversible-sp-unigram-64k,J,64000,aa,97,468268,1303346,2.7760565801720407,7.7266912100355105,1.0,0,377,0.0022349879358078265,3.0153681002981068,16,1403,2468.0000000000005,9815.559999999987,1738.979381443299,1738.979381443299,1421.3409690480848,2842.6819380961697,5685.363876192339,11370.727752384679
j-reversible-sp-unigram-64k,J,64000,aozora_kyu_kyu,15,98589,283524,2.2832626971444454,6.566247481414576,1.0,0,564,0.013061905092753422,2.5571825618811994,16,1289,6682.2,10850.579999999998,2878.6,2878.6,1169.030500937956,2338.061001875912,4676.122003751824,9352.244007503648
j-reversible-sp-unigram-64k,J,64000,aozora_shin_kyu,51,363135,1049668,2.322978704349328,6.714738074371653,1.0,0,1893,0.012109542421780544,2.6129413938058166,16,1859,5524,25395.5,3065.156862745098,3065.156862745098,1189.365096626856,2378.730193253712,4757.460386507424,9514.920773014848
j-reversible-sp-unigram-64k,J,64000,aozora_shin_shin,37,500000,1454404,2.483817926210737,7.224949454305202,1.0,0,1481,0.007357068697436203,2.730006905562498,16,2115,8888.399999999998,41259.16,5440.621621621622,5440.621621621622,1271.7147782198974,2543.429556439795,5086.85911287959,10173.71822575918
j-reversible-sp-unigram-64k,J,64000,code,1,36,36,1.3846153846153846,1.3846153846153846,1.0,0,0,0.0,1.4230769230769231,4,26,26,26,26.0,26.0,708.9230769230769,1417.8461538461538,2835.6923076923076,5671.384615384615
j-reversible-sp-unigram-64k,J,64000,english,1,44,44,1.5714285714285714,1.5714285714285714,1.0,0,0,0.0,1.5714285714285714,4,28,28,28,28.0,28.0,804.5714285714286,1609.142857142857,3218.285714285714,6436.571428571428
j-reversible-sp-unigram-64k,J,64000,gyaru,13,211,547,0.9813953488372092,2.5441860465116277,1.0,0,97,0.4511627906976744,2.940935915935916,6,12,27.0,34.91999999999999,16.53846153846154,16.53846153846154,502.47441860465113,1004.9488372093023,2009.8976744186045,4019.795348837209
j-reversible-sp-unigram-64k,J,64000,historical_kana,1,11,33,1.8333333333333333,5.5,1.0,0,0,0.0,1.8333333333333333,4,6,6,6,6.0,6.0,938.6666666666666,1877.3333333333333,3754.6666666666665,7509.333333333333
j-reversible-sp-unigram-64k,J,64000,kakikudashi,690,7344,22032,1.2361555293721596,3.7084665881164787,1.0,0,783,0.13179599394041408,1.877712699112955,6,8.0,12.0,15.0,8.610144927536233,8.610144927536233,632.9116310385457,1265.8232620770914,2531.6465241541828,5063.2930483083655
j-reversible-sp-unigram-64k,J,64000,kanbun,690,4292,12876,0.9304140472577498,2.7912421417732496,1.0,0,801,0.17363971385215696,1.714435504109417,6,7.0,9.0,11.0,6.685507246376812,6.685507246376812,476.3719921959679,952.7439843919358,1905.4879687838716,3810.975937567743
j-reversible-sp-unigram-64k,J,64000,modern_ja,1,11,33,2.75,8.25,1.0,0,0,0.0,2.75,4,4,4,4,4.0,4.0,1408.0,2816.0,5632.0,11264.0
j-reversible-sp-unigram-64k,J,64000,old_orthography,1,13,39,1.8571428571428572,5.571428571428571,1.0,0,0,0.0,1.8571428571428572,4,7,7,7,7.0,7.0,950.8571428571429,1901.7142857142858,3803.4285714285716,7606.857142857143
j-reversible-sp-unigram-64k,J,64000,ruby_rendered,2,25,75,1.6666666666666667,5.0,1.0,0,0,0.0,1.6696428571428572,3,7.5,7.9,7.99,7.5,7.5,853.3333333333334,1706.6666666666667,3413.3333333333335,6826.666666666667
j-reversible-sp-unigram-64k,J,64000,technical,2,34542,54848,1.734732824427481,2.754519887505022,1.0,0,251,0.01260546404178385,1.9414816251396678,16,9956.0,12128.0,12616.7,9956.0,9956.0,888.1832061068702,1776.3664122137404,3552.732824427481,7105.465648854962
j-reversible-sp-unigram-64k,J,64000,technical_ja,1,27,43,1.2857142857142858,2.0476190476190474,1.0,0,0,0.0,1.2857142857142858,3,21,21,21,21.0,21.0,658.2857142857143,1316.5714285714287,2633.1428571428573,5266.285714285715
j-reversible-sp-unigram-64k,J,64000,unicode_edge,14,70,137,0.7608695652173914,1.4891304347826086,1.0,0,45,0.4891304347826087,3.0663865546218485,6,5.5,11.400000000000002,16.349999999999994,6.571428571428571,6.571428571428571,389.5652173913044,779.1304347826087,1558.2608695652175,3116.521739130435
j-reversible-sp-unigram-64k,J,64000,web_novel,26,148548,395051,2.355511860966637,6.264287073449195,1.0,0,134,0.002124825574020043,2.7984618358610645,16,1999.5,5581.0,7271.75,2425.5384615384614,2425.5384615384614,1206.0220728149181,2412.0441456298363,4824.088291259673,9648.176582519345
j-reversible-sp-unigram-64k,J,64000,whitespace,2,34,46,1.8888888888888888,2.5555555555555554,1.0,0,1,0.05555555555555555,2.811688311688312,8,9.0,10.6,10.96,9.0,9.0,967.1111111111111,1934.2222222222222,3868.4444444444443,7736.888888888889
n-reversible-sp-unigram-8k,N,8000,aa,97,468268,1303346,1.8802621223558889,5.233396508247538,1.0,0,388,0.0015579576299770321,2.0441234000552306,16,2045,3588.8,14752.63999999998,2567.463917525773,2567.463917525773,962.6942066462151,1925.3884132924302,3850.7768265848604,7701.553653169721
n-reversible-sp-unigram-8k,N,8000,aozora_kyu_kyu,15,98589,283524,1.5219988884772138,4.376991478325306,1.0,0,1185,0.018293812523156726,1.6460008089366627,16,1955,10373.2,15340.399999999998,4318.4,4318.4,779.2634309003334,1558.526861800667,3117.053723601334,6234.107447202668
n-reversible-sp-unigram-8k,N,8000,aozora_shin_kyu,51,363135,1049668,1.551819184123484,4.485645667205114,1.0,0,2446,0.010452723434441851,1.6605929712151553,16,2725,8615,37719.0,4588.35294117647,4588.35294117647,794.5314222712238,1589.0628445424477,3178.1256890848954,6356.251378169791
n-reversible-sp-unigram-8k,N,8000,aozora_shin_shin,37,500000,1454404,1.680728763992067,4.888917274530236,1.0,0,1928,0.0064808901139534105,1.7517342861568068,16,3216,13100.199999999999,60964.68000000001,8040.27027027027,8040.27027027027,860.5331271639383,1721.0662543278765,3442.132508655753,6884.265017311506
n-reversible-sp-unigram-8k,N,8000,code,1,36,36,1.0,1.0,1.0,0,0,0.0,1.0277777777777777,2,36,36,36,36.0,36.0,512.0,1024.0,2048.0,4096.0
n-reversible-sp-unigram-8k,N,8000,english,1,44,44,1.1,1.1,1.0,0,0,0.0,1.1,4,40,40,40,40.0,40.0,563.2,1126.4,2252.8,4505.6
n-reversible-sp-unigram-8k,N,8000,gyaru,13,211,547,0.844,2.188,1.0,0,97,0.388,2.572852819628838,6,16,28.0,35.03999999999999,19.23076923076923,19.23076923076923,432.128,864.256,1728.512,3457.024
n-reversible-sp-unigram-8k,N,8000,historical_kana,1,11,33,1.5714285714285714,4.714285714285714,1.0,0,0,0.0,1.5714285714285714,4,7,7,7,7.0,7.0,804.5714285714286,1609.142857142857,3218.285714285714,6436.571428571428
n-reversible-sp-unigram-8k,N,8000,kakikudashi,690,7344,22032,1.0403739906502338,3.1211219719507013,1.0,0,894,0.12664683382915426,1.6671286840219401,6,10.0,14.0,18.0,10.230434782608695,10.230434782608695,532.6714832129197,1065.3429664258394,2130.685932851679,4261.371865703358
n-reversible-sp-unigram-8k,N,8000,kanbun,690,4292,12876,0.8834911486208317,2.650473445862495,1.0,0,912,0.18773157678056812,1.7404995870852649,6,7.0,9.0,13.0,7.040579710144928,7.040579710144928,452.3474680938658,904.6949361877316,1809.3898723754633,3618.7797447509265
n-reversible-sp-unigram-8k,N,8000,modern_ja,1,11,33,2.2,6.6,1.0,0,0,0.0,2.2,4,5,5,5,5.0,5.0,1126.4,2252.8,4505.6,9011.2
n-reversible-sp-unigram-8k,N,8000,old_orthography,1,13,39,1.625,4.875,1.0,0,0,0.0,1.625,4,8,8,8,8.0,8.0,832.0,1664.0,3328.0,6656.0
n-reversible-sp-unigram-8k,N,8000,ruby_rendered,2,25,75,1.1904761904761905,3.5714285714285716,1.0,0,0,0.0,1.1954545454545453,2,10.5,10.9,10.99,10.5,10.5,609.5238095238095,1219.047619047619,2438.095238095238,4876.190476190476
n-reversible-sp-unigram-8k,N,8000,technical,2,34542,54848,1.200959599471525,1.906960572978235,1.0,0,205,0.007127459842848203,1.3431845405981155,16,14381.0,17778.6,18543.059999999998,14381.0,14381.0,614.8913149294208,1229.7826298588416,2459.565259717683,4919.130519435366
n-reversible-sp-unigram-8k,N,8000,technical_ja,1,27,43,1.125,1.7916666666666667,1.0,0,0,0.0,1.125,3,24,24,24,24.0,24.0,576.0,1152.0,2304.0,4608.0
n-reversible-sp-unigram-8k,N,8000,unicode_edge,14,70,137,0.6796116504854369,1.3300970873786409,1.0,0,45,0.4368932038834951,2.866188141923436,6,7.5,11.400000000000002,16.349999999999994,7.357142857142857,7.357142857142857,347.9611650485437,695.9223300970874,1391.8446601941748,2783.6893203883496
n-reversible-sp-unigram-8k,N,8000,web_novel,26,148548,395051,1.6676358655994252,4.434938311797659,1.0,0,131,0.0014706377628344017,1.9150011911334104,16,2967.0,7374.0,10189.25,3426.0384615384614,3426.0384615384614,853.8295631869057,1707.6591263738114,3415.318252747623,6830.636505495246
n-reversible-sp-unigram-8k,N,8000,whitespace,2,34,46,1.1724137931034482,1.5862068965517242,1.0,0,1,0.034482758620689655,1.65625,8,14.5,15.7,15.969999999999999,14.5,14.5,600.2758620689655,1200.551724137931,2401.103448275862,4802.206896551724
n-reversible-sp-unigram-16k,N,16000,aa,97,468268,1303346,2.1985445326071646,6.119282595427015,1.0,0,388,0.0018216817690971407,2.3857200950651465,16,1770,3131.0,12556.239999999983,2195.773195876289,2195.773195876289,1125.6548006948683,2251.3096013897366,4502.619202779473,9005.238405558946
n-reversible-sp-unigram-16k,N,16000,aozora_kyu_kyu,15,98589,283524,1.7183866975755147,4.941767033273491,1.0,0,1185,0.02065431474735503,1.9628699951041853,16,1689,9205.4,13919.019999999997,3824.866666666667,3824.866666666667,879.8139891586635,1759.627978317327,3519.255956634654,7038.511913269308
n-reversible-sp-unigram-16k,N,16000,aozora_shin_kyu,51,363135,1049668,1.7758341606067867,5.133177170186858,1.0,0,2446,0.011961640593289549,1.9764889370368757,16,2397,7055,33142.0,4009.549019607843,4009.549019607843,909.2270902306748,1818.4541804613496,3636.908360922699,7273.816721845398
n-reversible-sp-unigram-16k,N,16000,aozora_shin_shin,37,500000,1454404,1.937083527041686,5.634604060127073,1.0,0,1928,0.0074693940802727414,2.0831685161860745,16,2708,11423.599999999999,53132.880000000005,6976.216216216216,6976.216216216216,991.7867658453432,1983.5735316906864,3967.147063381373,7934.294126762746
n-reversible-sp-unigram-16k,N,16000,code,1,36,36,1.125,1.125,1.0,0,0,0.0,1.15625,2,32,32,32,32.0,32.0,576.0,1152.0,2304.0,4608.0
n-reversible-sp-unigram-16k,N,16000,english,1,44,44,1.1,1.1,1.0,0,0,0.0,1.1,4,40,40,40,40.0,40.0,563.2,1126.4,2252.8,4505.6
n-reversible-sp-unigram-16k,N,16000,gyaru,13,211,547,0.9055793991416309,2.347639484978541,1.0,0,97,0.41630901287553645,2.7245348668425593,6,14,27.8,35.03999999999999,17.923076923076923,17.923076923076923,463.656652360515,927.31330472103,1854.62660944206,3709.25321888412
n-reversible-sp-unigram-16k,N,16000,historical_kana,1,11,33,1.5714285714285714,4.714285714285714,1.0,0,0,0.0,1.5714285714285714,4,7,7,7,7.0,7.0,804.5714285714286,1609.142857142857,3218.285714285714,6436.571428571428
n-reversible-sp-unigram-16k,N,16000,kakikudashi,690,7344,22032,1.0896142433234421,3.268842729970326,1.0,0,894,0.13264094955489614,1.7452171976941462,6,10.0,13.0,17.110000000000014,9.768115942028986,9.768115942028986,557.8824925816024,1115.7649851632048,2231.5299703264095,4463.059940652819
n-reversible-sp-unigram-16k,N,16000,kanbun,690,4292,12876,0.8906412118696825,2.6719236356090477,1.0,0,912,0.18925088192571074,1.7536541740441995,6,7.0,9.0,12.110000000000014,6.984057971014493,6.984057971014493,456.00830047727743,912.0166009545549,1824.0332019091097,3648.0664038182194
n-reversible-sp-unigram-16k,N,16000,modern_ja,1,11,33,2.75,8.25,1.0,0,0,0.0,2.75,4,4,4,4,4.0,4.0,1408.0,2816.0,5632.0,11264.0
n-reversible-sp-unigram-16k,N,16000,old_orthography,1,13,39,1.625,4.875,1.0,0,0,0.0,1.625,4,8,8,8,8.0,8.0,832.0,1664.0,3328.0,6656.0
n-reversible-sp-unigram-16k,N,16000,ruby_rendered,2,25,75,1.3157894736842106,3.9473684210526314,1.0,0,0,0.0,1.3222222222222222,3,9.5,9.9,9.99,9.5,9.5,673.6842105263158,1347.3684210526317,2694.7368421052633,5389.473684210527
n-reversible-sp-unigram-16k,N,16000,technical,2,34542,54848,1.3203623714689805,2.096555942051145,1.0,0,205,0.007836091892511754,1.4688726444366131,16,13080.5,16004.1,16661.91,13080.5,13080.5,676.025534192118,1352.051068384236,2704.102136768472,5408.204273536944
n-reversible-sp-unigram-16k,N,16000,technical_ja,1,27,43,1.2272727272727273,1.9545454545454546,1.0,0,0,0.0,1.2272727272727273,3,22,22,22,22.0,22.0,628.3636363636364,1256.7272727272727,2513.4545454545455,5026.909090909091
n-reversible-sp-unigram-16k,N,16000,unicode_edge,14,70,137,0.7142857142857143,1.3979591836734695,1.0,0,45,0.45918367346938777,2.97233893557423,6,6.5,11.400000000000002,16.349999999999994,7.0,7.0,365.7142857142857,731.4285714285714,1462.857142857143,2925.714285714286
n-reversible-sp-unigram-16k,N,16000,web_novel,26,148548,395051,1.9063923717611426,5.069891300162985,1.0,0,131,0.00168118992312727,2.240993283170141,16,2545.0,6663.5,8815.0,2996.9615384615386,2996.9615384615386,976.072894341705,1952.14578868341,3904.29157736682,7808.58315473364
n-reversible-sp-unigram-16k,N,16000,whitespace,2,34,46,1.3076923076923077,1.7692307692307692,1.0,0,1,0.038461538461538464,1.8818181818181818,8,13.0,14.6,14.96,13.0,13.0,669.5384615384615,1339.076923076923,2678.153846153846,5356.307692307692
n-reversible-sp-unigram-24k,N,24000,aa,97,468268,1303346,2.3921003698481784,6.658013036637446,1.0,0,388,0.0019820592983101413,2.589919148691567,16,1612,2838.2000000000003,11413.679999999984,2018.1030927835052,2018.1030927835052,1224.7553893622674,2449.5107787245347,4899.021557449069,9798.043114898139
n-reversible-sp-unigram-24k,N,24000,aozora_kyu_kyu,15,98589,283524,1.867286639645441,5.369976135459677,1.0,0,1185,0.02244403197090799,2.142750375030362,16,1549,8425.6,12970.399999999998,3519.866666666667,3519.866666666667,956.0507594984658,1912.1015189969316,3824.2030379938633,7648.406075987727
n-reversible-sp-unigram-24k,N,24000,aozora_shin_kyu,51,363135,1049668,1.9358733780426693,5.595782111289996,1.0,0,2446,0.01303963066818778,2.1804472667323664,16,2236,6578,30495.5,3678.078431372549,3678.078431372549,991.1671695578467,1982.3343391156934,3964.668678231387,7929.337356462774
n-reversible-sp-unigram-24k,N,24000,aozora_shin_shin,37,500000,1454404,2.104439103845652,6.121409300779064,1.0,0,1928,0.008114717184428834,2.2804352095739415,16,2478,10495.999999999998,48833.880000000005,6421.4324324324325,6421.4324324324325,1077.4728211689737,2154.9456423379474,4309.891284675895,8619.78256935179
n-reversible-sp-unigram-24k,N,24000,code,1,36,36,1.2,1.2,1.0,0,0,0.0,1.2333333333333334,3,30,30,30,30.0,30.0,614.4,1228.8,2457.6,4915.2
n-reversible-sp-unigram-24k,N,24000,english,1,44,44,1.1578947368421053,1.1578947368421053,1.0,0,0,0.0,1.1578947368421053,4,38,38,38,38.0,38.0,592.8421052631579,1185.6842105263158,2371.3684210526317,4742.736842105263
n-reversible-sp-unigram-24k,N,24000,gyaru,13,211,547,0.9295154185022027,2.409691629955947,1.0,0,97,0.42731277533039647,2.794765917842841,6,13,27.8,35.03999999999999,17.46153846153846,17.46153846153846,475.91189427312776,951.8237885462555,1903.647577092511,3807.295154185022
n-reversible-sp-unigram-24k,N,24000,historical_kana,1,11,33,1.5714285714285714,4.714285714285714,1.0,0,0,0.0,1.5714285714285714,4,7,7,7,7.0,7.0,804.5714285714286,1609.142857142857,3218.285714285714,6436.571428571428
n-reversible-sp-unigram-24k,N,24000,kakikudashi,690,7344,22032,1.1215638362858888,3.3646915088576663,1.0,0,894,0.13653023824068417,1.7937304818267936,6,9.0,13.0,17.110000000000014,9.489855072463769,9.489855072463769,574.2406841783751,1148.4813683567502,2296.9627367135004,4593.925473427001
n-reversible-sp-unigram-24k,N,24000,kanbun,690,4292,12876,0.8980958359489433,2.69428750784683,1.0,0,912,0.19083490269930947,1.7680099028564502,6,7.0,9.0,12.0,6.926086956521739,6.926086956521739,459.82506800585895,919.6501360117179,1839.3002720234358,3678.6005440468716
n-reversible-sp-unigram-24k,N,24000,modern_ja,1,11,33,2.75,8.25,1.0,0,0,0.0,2.75,4,4,4,4,4.0,4.0,1408.0,2816.0,5632.0,11264.0
n-reversible-sp-unigram-24k,N,24000,old_orthography,1,13,39,1.8571428571428572,5.571428571428571,1.0,0,0,0.0,1.8571428571428572,4,7,7,7,7.0,7.0,950.8571428571429,1901.7142857142858,3803.4285714285716,7606.857142857143
n-reversible-sp-unigram-24k,N,24000,ruby_rendered,2,25,75,1.4705882352941178,4.411764705882353,1.0,0,0,0.0,1.4791666666666665,3,8.5,8.9,8.99,8.5,8.5,752.9411764705883,1505.8823529411766,3011.764705882353,6023.529411764706
n-reversible-sp-unigram-24k,N,24000,technical,2,34542,54848,1.4642024500868975,2.324954431774829,1.0,0,205,0.008689754567419779,1.638945409048688,16,11795.5,14603.900000000001,15235.79,11795.5,11795.5,749.6716544444915,1499.343308888983,2998.686617777966,5997.373235555932
n-reversible-sp-unigram-24k,N,24000,technical_ja,1,27,43,1.2272727272727273,1.9545454545454546,1.0,0,0,0.0,1.2272727272727273,3,22,22,22,22.0,22.0,628.3636363636364,1256.7272727272727,2513.4545454545455,5026.909090909091
n-reversible-sp-unigram-24k,N,24000,unicode_edge,14,70,137,0.7291666666666666,1.4270833333333333,1.0,0,45,0.46875,2.9961484593837535,6,6.0,11.400000000000002,16.349999999999994,6.857142857142857,6.857142857142857,373.3333333333333,746.6666666666666,1493.3333333333333,2986.6666666666665
n-reversible-sp-unigram-24k,N,24000,web_novel,26,148548,395051,2.06379727138848,5.4884964850370945,1.0,0,131,0.0018200005557253605,2.4329247869042643,16,2313.5,6199.5,8201.5,2768.3846153846152,2768.3846153846152,1056.6642029509017,2113.3284059018033,4226.656811803607,8453.313623607213
n-reversible-sp-unigram-24k,N,24000,whitespace,2,34,46,1.619047619047619,2.1904761904761907,1.0,0,1,0.047619047619047616,2.3194444444444446,8,10.5,11.7,11.969999999999999,10.5,10.5,828.952380952381,1657.904761904762,3315.809523809524,6631.619047619048
n-reversible-sp-unigram-32k,N,32000,aa,97,468268,1303346,2.502140028961191,6.964290103501526,1.0,0,388,0.0020732365466718675,2.7045759496044615,16,1549,2727.0,10881.599999999986,1929.3505154639174,1929.3505154639174,1281.0956948281298,2562.1913896562596,5124.382779312519,10248.765558625038
n-reversible-sp-unigram-32k,N,32000,aozora_kyu_kyu,15,98589,283524,1.9355465682425004,5.566279252395162,1.0,0,1185,0.023264488770221456,2.22933475049591,16,1501,8088.8,12569.359999999997,3395.733333333333,3395.733333333333,990.9998429401602,1981.9996858803204,3963.9993717606408,7927.9987435212815
n-reversible-sp-unigram-32k,N,32000,aozora_shin_kyu,51,363135,1049668,2.011048346901479,5.813080799689871,1.0,0,2446,0.013545993243617434,2.278197670497317,16,2135,6418,29346.0,3540.5882352941176,3540.5882352941176,1029.6567536135572,2059.3135072271143,4118.627014454229,8237.254028908457
n-reversible-sp-unigram-32k,N,32000,aozora_shin_shin,37,500000,1454404,2.1954186004645506,6.386051188380089,1.0,0,1928,0.008465534123391308,2.394259239063423,16,2379,10002.999999999998,46849.600000000006,6155.324324324324,6155.324324324324,1124.05432343785,2248.1086468757,4496.2172937514,8992.4345875028
n-reversible-sp-unigram-32k,N,32000,code,1,36,36,1.2413793103448276,1.2413793103448276,1.0,0,0,0.0,1.2758620689655173,3,29,29,29,29.0,29.0,635.5862068965517,1271.1724137931035,2542.344827586207,5084.689655172414
n-reversible-sp-unigram-32k,N,32000,english,1,44,44,1.1891891891891893,1.1891891891891893,1.0,0,0,0.0,1.1891891891891893,4,37,37,37,37.0,37.0,608.8648648648649,1217.7297297297298,2435.4594594594596,4870.918918918919
n-reversible-sp-unigram-32k,N,32000,gyaru,13,211,547,0.9461883408071748,2.4529147982062782,1.0,0,97,0.4349775784753363,2.8434144203374974,6,13,27.0,34.91999999999999,17.153846153846153,17.153846153846153,484.4484304932735,968.896860986547,1937.793721973094,3875.587443946188
n-reversible-sp-unigram-32k,N,32000,historical_kana,1,11,33,1.5714285714285714,4.714285714285714,1.0,0,0,0.0,1.5714285714285714,4,7,7,7,7.0,7.0,804.5714285714286,1609.142857142857,3218.285714285714,6436.571428571428
n-reversible-sp-unigram-32k,N,32000,kakikudashi,690,7344,22032,1.1403726708074535,3.4211180124223604,1.0,0,894,0.1388198757763975,1.8226411282278492,6,9.0,13.0,17.0,9.333333333333334,9.333333333333334,583.8708074534162,1167.7416149068324,2335.483229813665,4670.96645962733
n-reversible-sp-unigram-32k,N,32000,kanbun,690,4292,12876,0.9018701407858793,2.7056104223576383,1.0,0,912,0.19163689850808993,1.7742264158120935,6,7.0,9.0,12.0,6.897101449275362,6.897101449275362,461.7575120823702,923.5150241647405,1847.030048329481,3694.060096658962
n-reversible-sp-unigram-32k,N,32000,modern_ja,1,11,33,2.75,8.25,1.0,0,0,0.0,2.75,4,4,4,4,4.0,4.0,1408.0,2816.0,5632.0,11264.0
n-reversible-sp-unigram-32k,N,32000,old_orthography,1,13,39,1.8571428571428572,5.571428571428571,1.0,0,0,0.0,1.8571428571428572,4,7,7,7,7.0,7.0,950.8571428571429,1901.7142857142858,3803.4285714285716,7606.857142857143
n-reversible-sp-unigram-32k,N,32000,ruby_rendered,2,25,75,1.4705882352941178,4.411764705882353,1.0,0,0,0.0,1.4791666666666665,3,8.5,8.9,8.99,8.5,8.5,752.9411764705883,1505.8823529411766,3011.764705882353,6023.529411764706
n-reversible-sp-unigram-32k,N,32000,technical,2,34542,54848,1.516729603934311,2.408360410994994,1.0,0,205,0.009001492930534821,1.692443980030187,16,11387.0,14016.6,14608.26,11387.0,11387.0,776.5655572143672,1553.1311144287345,3106.262228857469,6212.524457714938
n-reversible-sp-unigram-32k,N,32000,technical_ja,1,27,43,1.2272727272727273,1.9545454545454546,1.0,0,0,0.0,1.2272727272727273,3,22,22,22,22.0,22.0,628.3636363636364,1256.7272727272727,2513.4545454545455,5026.909090909091
n-reversible-sp-unigram-32k,N,32000,unicode_edge,14,70,137,0.7368421052631579,1.4421052631578948,1.0,0,45,0.47368421052631576,3.0080532212885154,6,6.0,11.400000000000002,16.349999999999994,6.785714285714286,6.785714285714286,377.2631578947368,754.5263157894736,1509.0526315789473,3018.1052631578946
n-reversible-sp-unigram-32k,N,32000,web_novel,26,148548,395051,2.1387353144436765,5.687787952084773,1.0,0,131,0.001886086155263764,2.531234063786142,16,2221.0,6061.5,7973.75,2671.3846153846152,2671.3846153846152,1095.0324809951624,2190.0649619903247,4380.129923980649,8760.259847961299
n-reversible-sp-unigram-32k,N,32000,whitespace,2,34,46,1.619047619047619,2.1904761904761907,1.0,0,1,0.047619047619047616,2.3194444444444446,8,10.5,11.7,11.969999999999999,10.5,10.5,828.952380952381,1657.904761904762,3315.809523809524,6631.619047619048
n-reversible-sp-unigram-48k,N,48000,aa,97,468268,1303346,2.667555342880906,7.424696084128015,1.0,0,388,0.0022102972508003783,2.8835650609689534,16,1452,2575.2000000000003,10222.359999999986,1809.7113402061855,1809.7113402061855,1365.7883355550239,2731.5766711100478,5463.1533422200955,10926.306684440191
n-reversible-sp-unigram-48k,N,48000,aozora_kyu_kyu,15,98589,283524,2.0594293114973263,5.922543449197861,1.0,0,1185,0.02475350935828877,2.371770735216831,16,1419,7530.0,11897.379999999997,3191.4666666666667,3191.4666666666667,1054.427807486631,2108.855614973262,4217.711229946524,8435.422459893049
n-reversible-sp-unigram-48k,N,48000,aozora_shin_kyu,51,363135,1049668,2.1481176943826608,6.209289669206379,1.0,0,2446,0.01446926316785765,2.434855088197146,16,2013,6085,27334.0,3314.6666666666665,3314.6666666666665,1099.8362595239223,2199.6725190478446,4399.345038095689,8798.690076191378
n-reversible-sp-unigram-48k,N,48000,aozora_shin_shin,37,500000,1454404,2.3465034751716467,6.8255280806070875,1.0,0,1928,0.00904811740026187,2.5642164347540763,16,2224,9360.599999999999,43728.44000000001,5759.0,5759.0,1201.409779287883,2402.819558575766,4805.639117151532,9611.278234303065
n-reversible-sp-unigram-48k,N,48000,code,1,36,36,1.3333333333333333,1.3333333333333333,1.0,0,0,0.0,1.3703703703703705,4,27,27,27,27.0,27.0,682.6666666666666,1365.3333333333333,2730.6666666666665,5461.333333333333
n-reversible-sp-unigram-48k,N,48000,english,1,44,44,1.375,1.375,1.0,0,0,0.0,1.375,4,32,32,32,32.0,32.0,704.0,1408.0,2816.0,5632.0
n-reversible-sp-unigram-48k,N,48000,gyaru,13,211,547,0.9461883408071748,2.4529147982062782,1.0,0,97,0.4349775784753363,2.8434144203374974,6,13,27.0,34.91999999999999,17.153846153846153,17.153846153846153,484.4484304932735,968.896860986547,1937.793721973094,3875.587443946188
n-reversible-sp-unigram-48k,N,48000,historical_kana,1,11,33,1.5714285714285714,4.714285714285714,1.0,0,0,0.0,1.5714285714285714,4,7,7,7,7.0,7.0,804.5714285714286,1609.142857142857,3218.285714285714,6436.571428571428
n-reversible-sp-unigram-48k,N,48000,kakikudashi,690,7344,22032,1.181087166291412,3.543261498874236,1.0,0,894,0.14377613380508203,1.8849962653321113,6,9.0,12.0,16.110000000000014,9.01159420289855,9.01159420289855,604.7166291412029,1209.4332582824059,2418.8665165648117,4837.733033129623
n-reversible-sp-unigram-48k,N,48000,kanbun,690,4292,12876,0.9102863202545068,2.7308589607635207,1.0,0,912,0.1934252386002121,1.7891827075075157,6,7.0,9.0,12.0,6.833333333333333,6.833333333333333,466.0665959703075,932.133191940615,1864.26638388123,3728.53276776246
n-reversible-sp-unigram-48k,N,48000,modern_ja,1,11,33,2.75,8.25,1.0,0,0,0.0,2.75,4,4,4,4,4.0,4.0,1408.0,2816.0,5632.0,11264.0
n-reversible-sp-unigram-48k,N,48000,old_orthography,1,13,39,1.8571428571428572,5.571428571428571,1.0,0,0,0.0,1.8571428571428572,4,7,7,7,7.0,7.0,950.8571428571429,1901.7142857142858,3803.4285714285716,7606.857142857143
n-reversible-sp-unigram-48k,N,48000,ruby_rendered,2,25,75,1.5625,4.6875,1.0,0,0,0.0,1.5625,3,8.0,8.0,8.0,8.0,8.0,800.0,1600.0,3200.0,6400.0
n-reversible-sp-unigram-48k,N,48000,technical,2,34542,54848,1.6116269304343769,2.559044464144077,1.0,0,205,0.009564689964074091,1.7906922858907235,16,10716.5,13077.7,13608.970000000001,10716.5,10716.5,825.152988382401,1650.305976764802,3300.611953529604,6601.223907059208
n-reversible-sp-unigram-48k,N,48000,technical_ja,1,27,43,1.2857142857142858,2.0476190476190474,1.0,0,0,0.0,1.2857142857142858,3,21,21,21,21.0,21.0,658.2857142857143,1316.5714285714287,2633.1428571428573,5266.285714285715
n-reversible-sp-unigram-48k,N,48000,unicode_edge,14,70,137,0.7446808510638298,1.4574468085106382,1.0,0,45,0.4787234042553192,3.0294817927170867,6,6.0,11.400000000000002,16.349999999999994,6.714285714285714,6.714285714285714,381.27659574468083,762.5531914893617,1525.1063829787233,3050.2127659574467
n-reversible-sp-unigram-48k,N,48000,web_novel,26,148548,395051,2.2772608115773174,6.056184942741948,1.0,0,131,0.0020082476123315604,2.682635621120291,16,2057.5,5708.0,7466.5,2508.8846153846152,2508.8846153846152,1165.9575355275865,2331.915071055173,4663.830142110346,9327.660284220692
n-reversible-sp-unigram-48k,N,48000,whitespace,2,34,46,1.7894736842105263,2.4210526315789473,1.0,0,1,0.05263157894736842,2.5795454545454546,8,9.5,10.7,10.969999999999999,9.5,9.5,916.2105263157895,1832.421052631579,3664.842105263158,7329.684210526316
n-reversible-sp-unigram-64k,N,64000,aa,97,468268,1303346,2.783085198062465,7.746254197497845,1.0,0,388,0.0023060235951383318,3.0059944252800412,16,1385,2470.6000000000004,9725.519999999986,1734.5876288659795,1734.5876288659795,1424.939621407982,2849.879242815964,5699.758485631928,11399.516971263856
n-reversible-sp-unigram-64k,N,64000,aozora_kyu_kyu,15,98589,283524,2.14007554050534,6.154467309195103,1.0,0,1185,0.0257228444907528,2.459693373176433,16,1364,7220.2,11500.679999999997,3071.2,3071.2,1095.718676738734,2191.437353477468,4382.874706954936,8765.749413909873
n-reversible-sp-unigram-64k,N,64000,aozora_shin_kyu,51,363135,1049668,2.240066868588419,6.47507541222264,1.0,0,2446,0.015088613217032984,2.528079779340357,16,1923,5787,26121.5,3178.607843137255,3178.607843137255,1146.9142367172706,2293.828473434541,4587.656946869082,9175.313893738165
n-reversible-sp-unigram-64k,N,64000,aozora_shin_shin,37,500000,1454404,2.4588027597602173,7.152185138012599,1.0,0,1928,0.0094811434416354,2.698843663659087,16,2110,8969.599999999999,41588.76000000001,5495.972972972973,5495.972972972973,1258.9070129972313,2517.8140259944626,5035.628051988925,10071.25610397785
n-reversible-sp-unigram-64k,N,64000,code,1,36,36,1.3846153846153846,1.3846153846153846,1.0,0,0,0.0,1.4230769230769231,4,26,26,26,26.0,26.0,708.9230769230769,1417.8461538461538,2835.6923076923076,5671.384615384615
n-reversible-sp-unigram-64k,N,64000,english,1,44,44,1.5172413793103448,1.5172413793103448,1.0,0,0,0.0,1.5172413793103448,4,29,29,29,29.0,29.0,776.8275862068965,1553.655172413793,3107.310344827586,6214.620689655172
n-reversible-sp-unigram-64k,N,64000,gyaru,13,211,547,0.9461883408071748,2.4529147982062782,1.0,0,97,0.4349775784753363,2.8434144203374974,6,13,27.0,34.91999999999999,17.153846153846153,17.153846153846153,484.4484304932735,968.896860986547,1937.793721973094,3875.587443946188
n-reversible-sp-unigram-64k,N,64000,historical_kana,1,11,33,1.8333333333333333,5.5,1.0,0,0,0.0,1.8333333333333333,4,6,6,6,6.0,6.0,938.6666666666666,1877.3333333333333,3754.6666666666665,7509.333333333333
n-reversible-sp-unigram-64k,N,64000,kakikudashi,690,7344,22032,1.2063074901445467,3.61892247043364,1.0,0,894,0.14684625492772668,1.9225716409667817,6,9.0,12.0,16.110000000000014,8.8231884057971,8.8231884057971,617.6294349540079,1235.2588699080159,2470.5177398160317,4941.0354796320635
n-reversible-sp-unigram-64k,N,64000,kanbun,690,4292,12876,0.9122210414452709,2.736663124335813,1.0,0,912,0.19383634431455898,1.7926713203439546,6,7.0,9.0,12.0,6.818840579710145,6.818840579710145,467.0571732199787,934.1143464399574,1868.228692879915,3736.45738575983
n-reversible-sp-unigram-64k,N,64000,modern_ja,1,11,33,3.6666666666666665,11.0,1.0,0,0,0.0,3.6666666666666665,4,3,3,3,3.0,3.0,1877.3333333333333,3754.6666666666665,7509.333333333333,15018.666666666666
n-reversible-sp-unigram-64k,N,64000,old_orthography,1,13,39,1.8571428571428572,5.571428571428571,1.0,0,0,0.0,1.8571428571428572,4,7,7,7,7.0,7.0,950.8571428571429,1901.7142857142858,3803.4285714285716,7606.857142857143
n-reversible-sp-unigram-64k,N,64000,ruby_rendered,2,25,75,1.6666666666666667,5.0,1.0,0,0,0.0,1.6696428571428572,3,7.5,7.9,7.99,7.5,7.5,853.3333333333334,1706.6666666666667,3413.3333333333335,6826.666666666667
n-reversible-sp-unigram-64k,N,64000,technical,2,34542,54848,1.6946475003679538,2.690869842515822,1.0,0,205,0.010057400775155767,1.8787605625090122,16,10191.5,12375.900000000001,12867.39,10191.5,10191.5,867.6595201883923,1735.3190403767846,3470.6380807535693,6941.276161507139
n-reversible-sp-unigram-64k,N,64000,technical_ja,1,27,43,1.2857142857142858,2.0476190476190474,1.0,0,0,0.0,1.2857142857142858,3,21,21,21,21.0,21.0,658.2857142857143,1316.5714285714287,2633.1428571428573,5266.285714285715
n-reversible-sp-unigram-64k,N,64000,unicode_edge,14,70,137,0.7526881720430108,1.4731182795698925,1.0,0,45,0.4838709677419355,3.0473389355742295,6,6.0,11.400000000000002,16.349999999999994,6.642857142857143,6.642857142857143,385.3763440860215,770.752688172043,1541.505376344086,3083.010752688172
n-reversible-sp-unigram-64k,N,64000,web_novel,26,148548,395051,2.3602650269316934,6.276927721372166,1.0,0,131,0.0020814465258909703,2.7909762348763127,16,1967.0,5572.0,7261.0,2420.653846153846,2420.653846153846,1208.455693789027,2416.911387578054,4833.822775156108,9667.645550312216
n-reversible-sp-unigram-64k,N,64000,whitespace,2,34,46,1.8888888888888888,2.5555555555555554,1.0,0,1,0.05555555555555555,2.811688311688312,8,9.0,10.6,10.96,9.0,9.0,967.1111111111111,1934.2222222222222,3868.4444444444443,7736.888888888889
w-reversible-sp-unigram-8k,W,8000,aa,97,468268,1303346,1.9624580387489365,5.462175153910307,1.0,0,4495,0.018838034809503253,2.255273784391308,16,2014,3379.0,13727.639999999981,2459.9278350515465,2459.9278350515465,1004.7785158394555,2009.557031678911,4019.114063357822,8038.228126715644
w-reversible-sp-unigram-8k,W,8000,aozora_kyu_kyu,15,98589,283524,1.1818672229015321,3.3988347838595985,1.0,0,12651,0.1516579155577933,1.8967992078125118,8,2415,13662.8,19261.779999999995,5561.2,5561.2,605.1160181255844,1210.232036251169,2420.464072502338,4840.928145004676
w-reversible-sp-unigram-8k,W,8000,aozora_shin_kyu,51,363135,1049668,1.299765556490148,3.7570664137301573,1.0,0,15840,0.056695957191688885,1.5610739431535736,8,3389,10474,43415.0,5478.137254901961,5478.137254901961,665.4799649229558,1330.9599298459116,2661.919859691823,5323.839719383646
w-reversible-sp-unigram-8k,W,8000,aozora_shin_shin,37,500000,1454404,1.4959937287942888,4.351558526266658,1.0,0,7551,0.02259249729225135,1.5684246002070301,8,3637,14491.199999999997,68133.08000000002,9033.135135135135,9033.135135135135,765.9487891426759,1531.8975782853518,3063.7951565707035,6127.590313141407
w-reversible-sp-unigram-8k,W,8000,code,1,36,36,1.0285714285714285,1.0285714285714285,1.0,0,0,0.0,1.0571428571428572,2,35,35,35,35.0,35.0,526.6285714285714,1053.2571428571428,2106.5142857142855,4213.028571428571
w-reversible-sp-unigram-8k,W,8000,english,1,44,44,1.0,1.0,1.0,0,0,0.0,1.0,1,44,44,44,44.0,44.0,512.0,1024.0,2048.0,4096.0
w-reversible-sp-unigram-8k,W,8000,gyaru,13,211,547,0.8373015873015873,2.1706349206349205,1.0,0,100,0.3968253968253968,2.5880350058636554,6,16,28.0,36.79999999999999,19.384615384615383,19.384615384615383,428.6984126984127,857.3968253968254,1714.7936507936508,3429.5873015873017
w-reversible-sp-unigram-8k,W,8000,historical_kana,1,11,33,1.2222222222222223,3.6666666666666665,1.0,0,3,0.3333333333333333,3.111111111111111,6,9,9,9,9.0,9.0,625.7777777777778,1251.5555555555557,2503.1111111111113,5006.222222222223
w-reversible-sp-unigram-8k,W,8000,kakikudashi,690,7344,22032,0.9966074094178314,2.9898222282534945,1.0,0,1359,0.18442122404668204,1.9257396776993962,6,11.0,14.0,18.220000000000027,10.679710144927537,10.679710144927537,510.2629936219297,1020.5259872438594,2041.0519744877188,4082.1039489754376
w-reversible-sp-unigram-8k,W,8000,kanbun,690,4292,12876,0.828731415331145,2.486194245993435,1.0,0,1374,0.26530218188839544,2.0657306844902754,6,7.0,11.0,13.0,7.505797101449275,7.505797101449275,424.31048464954625,848.6209692990925,1697.241938598185,3394.48387719637
w-reversible-sp-unigram-8k,W,8000,modern_ja,1,11,33,2.2,6.6,1.0,0,0,0.0,2.2,4,5,5,5,5.0,5.0,1126.4,2252.8,4505.6,9011.2
w-reversible-sp-unigram-8k,W,8000,old_orthography,1,13,39,1.0,3.0,1.0,0,6,0.46153846153846156,3.6153846153846154,6,13,13,13,13.0,13.0,512.0,1024.0,2048.0,4096.0
w-reversible-sp-unigram-8k,W,8000,ruby_rendered,2,25,75,1.0,3.0,1.0,0,3,0.12,1.6168831168831168,6,12.5,13.7,13.969999999999999,12.5,12.5,512.0,1024.0,2048.0,4096.0
w-reversible-sp-unigram-8k,W,8000,technical,2,34542,54848,1.1884805945499588,1.8871456096889623,1.0,0,651,0.022398843930635837,1.4275644226824564,16,14532.0,18143.2,18955.72,14532.0,14532.0,608.5020644095789,1217.0041288191578,2434.0082576383156,4868.016515276631
w-reversible-sp-unigram-8k,W,8000,technical_ja,1,27,43,1.125,1.7916666666666667,1.0,0,0,0.0,1.125,3,24,24,24,24.0,24.0,576.0,1152.0,2304.0,4608.0
w-reversible-sp-unigram-8k,W,8000,unicode_edge,14,70,137,0.693069306930693,1.3564356435643565,1.0,0,45,0.44554455445544555,2.924719887955182,6,7.0,11.400000000000002,16.349999999999994,7.214285714285714,7.214285714285714,354.8514851485148,709.7029702970297,1419.4059405940593,2838.8118811881186
w-reversible-sp-unigram-8k,W,8000,web_novel,26,148548,395051,1.70533131285301,4.535186205629793,1.0,0,1070,0.012283601965376315,2.0590194659466956,16,2803.5,7435.0,10071.25,3350.3076923076924,3350.3076923076924,873.1296321807412,1746.2592643614823,3492.5185287229647,6985.037057445929
w-reversible-sp-unigram-8k,W,8000,whitespace,2,34,46,1.1724137931034482,1.5862068965517242,1.0,0,1,0.034482758620689655,1.65625,8,14.5,15.7,15.969999999999999,14.5,14.5,600.2758620689655,1200.551724137931,2401.103448275862,4802.206896551724
w-reversible-sp-unigram-16k,W,16000,aa,97,468268,1303346,2.263377946628385,6.299735607016323,1.0,0,4495,0.0217266263551953,2.5911517830137187,16,1738,2949.2000000000003,11861.479999999983,2132.8762886597938,2132.8762886597938,1158.8495086737332,2317.6990173474665,4635.398034694933,9270.796069389866
w-reversible-sp-unigram-16k,W,16000,aozora_kyu_kyu,15,98589,283524,1.2662667933931002,3.641552570063449,1.0,0,12651,0.16248811939685068,2.09542634065016,16,2200,12831.6,18326.859999999997,5190.533333333334,5190.533333333334,648.3285982172673,1296.6571964345346,2593.3143928690693,5186.6287857381385
w-reversible-sp-unigram-16k,W,16000,aozora_shin_kyu,51,363135,1049668,1.4110001554243083,4.078598072738576,1.0,0,15840,0.06154802611128381,1.7415480703183108,16,3084,9925,40196.5,5046.274509803921,5046.274509803921,722.4320795772459,1444.8641591544917,2889.7283183089835,5779.456636617967
w-reversible-sp-unigram-16k,W,16000,aozora_shin_shin,37,500000,1454404,1.654708638902862,4.813229726509756,1.0,0,7551,0.024989409864711022,1.7865820608773766,16,3186,13127.199999999997,62485.52000000001,8166.7027027027025,8166.7027027027025,847.2108231182654,1694.4216462365307,3388.8432924730614,6777.686584946123
w-reversible-sp-unigram-16k,W,16000,code,1,36,36,1.0285714285714285,1.0285714285714285,1.0,0,0,0.0,1.0571428571428572,3,35,35,35,35.0,35.0,526.6285714285714,1053.2571428571428,2106.5142857142855,4213.028571428571
w-reversible-sp-unigram-16k,W,16000,english,1,44,44,1.0232558139534884,1.0232558139534884,1.0,0,0,0.0,1.0232558139534884,2,43,43,43,43.0,43.0,523.9069767441861,1047.8139534883721,2095.6279069767443,4191.2558139534885
w-reversible-sp-unigram-16k,W,16000,gyaru,13,211,547,0.8828451882845189,2.288702928870293,1.0,0,100,0.41841004184100417,2.708343583242369,6,14,27.8,36.79999999999999,18.384615384615383,18.384615384615383,452.01673640167365,904.0334728033473,1808.0669456066946,3616.1338912133892
w-reversible-sp-unigram-16k,W,16000,historical_kana,1,11,33,1.2222222222222223,3.6666666666666665,1.0,0,3,0.3333333333333333,3.111111111111111,6,9,9,9,9.0,9.0,625.7777777777778,1251.5555555555557,2503.1111111111113,5006.222222222223
w-reversible-sp-unigram-16k,W,16000,kakikudashi,690,7344,22032,1.0369951990963004,3.1109855972889013,1.0,0,1359,0.1918949449308105,1.9979435962588137,6,10.0,14.0,18.0,10.263768115942028,10.263768115942028,530.9415419373058,1061.8830838746117,2123.7661677492233,4247.532335498447
w-reversible-sp-unigram-16k,W,16000,kanbun,690,4292,12876,0.8361581920903954,2.5084745762711864,1.0,0,1374,0.26767971946230273,2.083734818037887,6,7.0,11.0,13.0,7.439130434782609,7.439130434782609,428.11299435028246,856.2259887005649,1712.4519774011299,3424.9039548022597
w-reversible-sp-unigram-16k,W,16000,modern_ja,1,11,33,2.75,8.25,1.0,0,0,0.0,2.75,4,4,4,4,4.0,4.0,1408.0,2816.0,5632.0,11264.0
w-reversible-sp-unigram-16k,W,16000,old_orthography,1,13,39,1.0,3.0,1.0,0,6,0.46153846153846156,3.6153846153846154,6,13,13,13,13.0,13.0,512.0,1024.0,2048.0,4096.0
w-reversible-sp-unigram-16k,W,16000,ruby_rendered,2,25,75,1.0869565217391304,3.260869565217391,1.0,0,3,0.13043478260869565,1.7538461538461538,6,11.5,12.7,12.969999999999999,11.5,11.5,556.5217391304348,1113.0434782608695,2226.086956521739,4452.173913043478
w-reversible-sp-unigram-16k,W,16000,technical,2,34542,54848,1.2588192419825073,1.9988338192419826,1.0,0,651,0.023724489795918367,1.5231347673632623,16,13720.0,17308.8,18116.28,13720.0,13720.0,644.5154518950437,1289.0309037900875,2578.061807580175,5156.12361516035
w-reversible-sp-unigram-16k,W,16000,technical_ja,1,27,43,1.2272727272727273,1.9545454545454546,1.0,0,0,0.0,1.2272727272727273,3,22,22,22,22.0,22.0,628.3636363636364,1256.7272727272727,2513.4545454545455,5026.909090909091
w-reversible-sp-unigram-16k,W,16000,unicode_edge,14,70,137,0.7,1.37,1.0,0,45,0.45,2.9336484593837535,6,7.0,11.400000000000002,16.349999999999994,7.142857142857143,7.142857142857143,358.4,716.8,1433.6,2867.2
w-reversible-sp-unigram-16k,W,16000,web_novel,26,148548,395051,1.9608226193933314,5.214643997993611,1.0,0,1070,0.014123920906042926,2.36612343453454,16,2422.0,6565.5,8733.5,2913.769230769231,2913.769230769231,1003.9411811293857,2007.8823622587713,4015.7647245175426,8031.529449035085
w-reversible-sp-unigram-16k,W,16000,whitespace,2,34,46,1.2142857142857142,1.6428571428571428,1.0,0,1,0.03571428571428571,1.7,8,14.0,14.8,14.98,14.0,14.0,621.7142857142857,1243.4285714285713,2486.8571428571427,4973.714285714285
w-reversible-sp-unigram-24k,W,24000,aa,97,468268,1303346,2.422393279119333,6.742328305088253,1.0,0,4495,0.023253046950979784,2.7649016840899656,16,1645,2760.8,11044.959999999988,1992.8659793814434,1992.8659793814434,1240.2653589090985,2480.530717818197,4961.061435636394,9922.122871272788
w-reversible-sp-unigram-24k,W,24000,aozora_kyu_kyu,15,98589,283524,1.3013503346137092,3.7424464420068904,1.0,0,12651,0.16699006058686097,2.166018410886423,16,2140,12531.6,17845.699999999997,5050.6,5050.6,666.2913713222191,1332.5827426444382,2665.1654852888764,5330.330970577753
w-reversible-sp-unigram-24k,W,24000,aozora_shin_kyu,51,363135,1049668,1.4602559926652432,4.220975635256696,1.0,0,15840,0.06369657269009446,1.807797077953108,16,2967,9650,38889.5,4876.058823529412,4876.058823529412,747.6510682446045,1495.302136489209,2990.604272978418,5981.208545956836
w-reversible-sp-unigram-24k,W,24000,aozora_shin_shin,37,500000,1454404,1.7302534821351327,5.032975170862532,1.0,0,7551,0.026130288087204776,1.8716453110712936,16,3039,12514.199999999997,59865.12000000001,7810.135135135135,7810.135135135135,885.889782853188,1771.779565706376,3543.559131412752,7087.118262825504
w-reversible-sp-unigram-24k,W,24000,code,1,36,36,1.0285714285714285,1.0285714285714285,1.0,0,0,0.0,1.0571428571428572,3,35,35,35,35.0,35.0,526.6285714285714,1053.2571428571428,2106.5142857142855,4213.028571428571
w-reversible-sp-unigram-24k,W,24000,english,1,44,44,1.0232558139534884,1.0232558139534884,1.0,0,0,0.0,1.0232558139534884,2,43,43,43,43.0,43.0,523.9069767441861,1047.8139534883721,2095.6279069767443,4191.2558139534885
w-reversible-sp-unigram-24k,W,24000,gyaru,13,211,547,0.8978723404255319,2.3276595744680852,1.0,0,100,0.425531914893617,2.756992085737025,6,14,27.0,36.67999999999999,18.076923076923077,18.076923076923077,459.7106382978723,919.4212765957446,1838.8425531914893,3677.6851063829786
w-reversible-sp-unigram-24k,W,24000,historical_kana,1,11,33,1.2222222222222223,3.6666666666666665,1.0,0,3,0.3333333333333333,3.111111111111111,6,9,9,9,9.0,9.0,625.7777777777778,1251.5555555555557,2503.1111111111113,5006.222222222223
w-reversible-sp-unigram-24k,W,24000,kakikudashi,690,7344,22032,1.0509444762449913,3.1528334287349744,1.0,0,1359,0.19447624499141386,2.0218672409648653,6,10.0,14.0,18.0,10.127536231884058,10.127536231884058,538.0835718374356,1076.167143674871,2152.334287349742,4304.668574699484
w-reversible-sp-unigram-24k,W,24000,kanbun,690,4292,12876,0.8414036463438541,2.5242109390315624,1.0,0,1374,0.269358949225642,2.0961908040808295,6,7.0,11.0,13.0,7.392753623188406,7.392753623188406,430.7986669280533,861.5973338561066,1723.1946677122132,3446.3893354244265
w-reversible-sp-unigram-24k,W,24000,modern_ja,1,11,33,2.75,8.25,1.0,0,0,0.0,2.75,4,4,4,4,4.0,4.0,1408.0,2816.0,5632.0,11264.0
w-reversible-sp-unigram-24k,W,24000,old_orthography,1,13,39,1.0,3.0,1.0,0,6,0.46153846153846156,3.6153846153846154,6,13,13,13,13.0,13.0,512.0,1024.0,2048.0,4096.0
w-reversible-sp-unigram-24k,W,24000,ruby_rendered,2,25,75,1.0869565217391304,3.260869565217391,1.0,0,3,0.13043478260869565,1.7538461538461538,6,11.5,12.7,12.969999999999999,11.5,11.5,556.5217391304348,1113.0434782608695,2226.086956521739,4452.173913043478
w-reversible-sp-unigram-24k,W,24000,technical,2,34542,54848,1.2957947255880256,2.0575458603743857,1.0,0,651,0.024421352740368385,1.5698479791762434,16,13328.5,16843.3,17634.129999999997,13328.5,13328.5,663.4468995010691,1326.8937990021382,2653.7875980042763,5307.575196008553
w-reversible-sp-unigram-24k,W,24000,technical_ja,1,27,43,1.2272727272727273,1.9545454545454546,1.0,0,0,0.0,1.2272727272727273,3,22,22,22,22.0,22.0,628.3636363636364,1256.7272727272727,2513.4545454545455,5026.909090909091
w-reversible-sp-unigram-24k,W,24000,unicode_edge,14,70,137,0.7070707070707071,1.3838383838383839,1.0,0,45,0.45454545454545453,2.9455532212885154,6,6.5,11.400000000000002,16.349999999999994,7.071428571428571,7.071428571428571,362.020202020202,724.040404040404,1448.080808080808,2896.161616161616
w-reversible-sp-unigram-24k,W,24000,web_novel,26,148548,395051,2.075765409499322,5.520324748822715,1.0,0,1070,0.014951860598353899,2.5172498359868003,16,2233.0,6295.0,8218.0,2752.423076923077,2752.423076923077,1062.791889663653,2125.583779327306,4251.167558654612,8502.335117309223
w-reversible-sp-unigram-24k,W,24000,whitespace,2,34,46,1.3076923076923077,1.7692307692307692,1.0,0,1,0.038461538461538464,1.8076923076923077,8,13.0,13.0,13.0,13.0,13.0,669.5384615384615,1339.076923076923,2678.153846153846,5356.307692307692
w-reversible-sp-unigram-32k,W,32000,aa,97,468268,1303346,2.5396897711248507,7.068803557869617,1.0,0,4495,0.024378999891528367,2.8929210143912187,16,1567,2632.8,10474.599999999988,1900.8247422680413,1900.8247422680413,1300.3211628159236,2600.642325631847,5201.284651263694,10402.569302527389
w-reversible-sp-unigram-32k,W,32000,aozora_kyu_kyu,15,98589,283524,1.330162713510888,3.8253055937828866,1.0,0,12651,0.17068728244151218,2.2197534398747316,16,2090,12303.0,17456.219999999998,4941.2,4941.2,681.0433093175747,1362.0866186351493,2724.1732372702986,5448.346474540597
w-reversible-sp-unigram-32k,W,32000,aozora_shin_kyu,51,363135,1049668,1.5046053640164243,4.349170703006849,1.0,0,15840,0.06563109853365873,1.8617783936949983,16,2868,9383,37637.0,4732.333333333333,4732.333333333333,770.3579463764092,1540.7158927528185,3081.431785505637,6162.863571011274
w-reversible-sp-unigram-32k,W,32000,aozora_shin_shin,37,500000,1454404,1.789907783950971,5.2064980812188555,1.0,0,7551,0.027031187353227563,1.9356922051865808,16,2971,12041.399999999998,58008.52000000001,7549.8378378378375,7549.8378378378375,916.4327853828971,1832.8655707657942,3665.7311415315885,7331.462283063177
w-reversible-sp-unigram-32k,W,32000,code,1,36,36,1.0909090909090908,1.0909090909090908,1.0,0,0,0.0,1.121212121212121,3,33,33,33,33.0,33.0,558.5454545454545,1117.090909090909,2234.181818181818,4468.363636363636
w-reversible-sp-unigram-32k,W,32000,english,1,44,44,1.0731707317073171,1.0731707317073171,1.0,0,0,0.0,1.0731707317073171,2,41,41,41,41.0,41.0,549.4634146341464,1098.9268292682927,2197.8536585365855,4395.707317073171
w-reversible-sp-unigram-32k,W,32000,gyaru,13,211,547,0.9134199134199135,2.367965367965368,1.0,0,100,0.4329004329004329,2.7883655555720335,6,13,27.0,36.67999999999999,17.76923076923077,17.76923076923077,467.6709956709957,935.3419913419914,1870.6839826839828,3741.3679653679656
w-reversible-sp-unigram-32k,W,32000,historical_kana,1,11,33,1.2222222222222223,3.6666666666666665,1.0,0,3,0.3333333333333333,3.111111111111111,6,9,9,9,9.0,9.0,625.7777777777778,1251.5555555555557,2503.1111111111113,5006.222222222223
w-reversible-sp-unigram-32k,W,32000,kakikudashi,690,7344,22032,1.064039408866995,3.1921182266009853,1.0,0,1359,0.1968994494349464,2.0450290503830684,6,10.0,14.0,18.0,10.002898550724638,10.002898550724638,544.7881773399015,1089.576354679803,2179.152709359606,4358.305418719212
w-reversible-sp-unigram-32k,W,32000,kanbun,690,4292,12876,0.8445493900039355,2.5336481700118063,1.0,0,1374,0.27036599763872493,2.1027297964893874,6,7.0,11.0,13.0,7.3652173913043475,7.3652173913043475,432.40928768201496,864.8185753640299,1729.6371507280599,3459.2743014561197
w-reversible-sp-unigram-32k,W,32000,modern_ja,1,11,33,2.75,8.25,1.0,0,0,0.0,2.75,4,4,4,4,4.0,4.0,1408.0,2816.0,5632.0,11264.0
w-reversible-sp-unigram-32k,W,32000,old_orthography,1,13,39,1.0,3.0,1.0,0,6,0.46153846153846156,3.6153846153846154,6,13,13,13,13.0,13.0,512.0,1024.0,2048.0,4096.0
w-reversible-sp-unigram-32k,W,32000,ruby_rendered,2,25,75,1.1904761904761905,3.5714285714285716,1.0,0,3,0.14285714285714285,1.9166666666666665,6,10.5,11.7,11.969999999999999,10.5,10.5,609.5238095238095,1219.047619047619,2438.095238095238,4876.190476190476
w-reversible-sp-unigram-32k,W,32000,technical,2,34542,54848,1.3568763012138114,2.1545350984012255,1.0,0,651,0.02557253407707114,1.636730824173232,16,12728.5,15989.7,16723.47,12728.5,12728.5,694.7206662214714,1389.441332442943,2778.882664885886,5557.765329771772
w-reversible-sp-unigram-32k,W,32000,technical_ja,1,27,43,1.2272727272727273,1.9545454545454546,1.0,0,0,0.0,1.2272727272727273,3,22,22,22,22.0,22.0,628.3636363636364,1256.7272727272727,2513.4545454545455,5026.909090909091
w-reversible-sp-unigram-32k,W,32000,unicode_edge,14,70,137,0.7070707070707071,1.3838383838383839,1.0,0,45,0.45454545454545453,2.9455532212885154,6,6.5,11.400000000000002,16.349999999999994,7.071428571428571,7.071428571428571,362.020202020202,724.040404040404,1448.080808080808,2896.161616161616
w-reversible-sp-unigram-32k,W,32000,web_novel,26,148548,395051,2.156995992333159,5.736350699889644,1.0,0,1070,0.015536969274554219,2.638101650446274,16,2112.0,6123.5,7897.75,2648.769230769231,2648.769230769231,1104.3819480745774,2208.763896149155,4417.52779229831,8835.05558459662
w-reversible-sp-unigram-32k,W,32000,whitespace,2,34,46,1.36,1.84,1.0,0,1,0.04,1.891025641025641,8,12.5,12.9,12.99,12.5,12.5,696.32,1392.64,2785.28,5570.56
w-reversible-sp-unigram-48k,W,48000,aa,97,468268,1303346,2.7104175590104536,7.543995925124157,1.0,0,4495,0.026017850734519524,3.0823959557921796,16,1488,2475.0,9719.759999999987,1781.0927835051546,1781.0927835051546,1387.7337902133522,2775.4675804267044,5550.935160853409,11101.870321706818
w-reversible-sp-unigram-48k,W,48000,aozora_kyu_kyu,15,98589,283524,1.3732971165900543,3.9493522774759717,1.0,0,12651,0.17622231508566652,2.3066568350764918,15,2027,11913.2,16913.459999999995,4786.0,4786.0,703.1281236941078,1406.2562473882156,2812.512494776431,5625.024989552862
w-reversible-sp-unigram-48k,W,48000,aozora_shin_kyu,51,363135,1049668,1.565041438785669,4.523865551288847,1.0,0,15840,0.0682673286528839,1.9413531665088735,16,2765,9117,36135.5,4549.588235294118,4549.588235294118,801.3012166582625,1602.602433316525,3205.20486663305,6410.4097332661
w-reversible-sp-unigram-48k,W,48000,aozora_shin_shin,37,500000,1454404,1.8798547248268653,5.468136462414185,1.0,0,7551,0.028389566054335322,2.0438145196520354,15,2830,11454.999999999998,55429.68000000001,7188.594594594595,7188.594594594595,962.485619111355,1924.97123822271,3849.94247644542,7699.88495289084
w-reversible-sp-unigram-48k,W,48000,code,1,36,36,1.1612903225806452,1.1612903225806452,1.0,0,0,0.0,1.1935483870967742,4,31,31,31,31.0,31.0,594.5806451612904,1189.1612903225807,2378.3225806451615,4756.645161290323
w-reversible-sp-unigram-48k,W,48000,english,1,44,44,1.1282051282051282,1.1282051282051282,1.0,0,0,0.0,1.1282051282051282,3,39,39,39,39.0,39.0,577.6410256410256,1155.2820512820513,2310.5641025641025,4621.128205128205
w-reversible-sp-unigram-48k,W,48000,gyaru,13,211,547,0.9547511312217195,2.475113122171946,1.0,0,100,0.45248868778280543,2.8994653532102923,6,12,27.0,36.67999999999999,17.0,17.0,488.8325791855204,977.6651583710408,1955.3303167420815,3910.660633484163
w-reversible-sp-unigram-48k,W,48000,historical_kana,1,11,33,1.2222222222222223,3.6666666666666665,1.0,0,3,0.3333333333333333,3.111111111111111,6,9,9,9,9.0,9.0,625.7777777777778,1251.5555555555557,2503.1111111111113,5006.222222222223
w-reversible-sp-unigram-48k,W,48000,kakikudashi,690,7344,22032,1.0881612090680102,3.2644836272040303,1.0,0,1359,0.20136316491332049,2.0882901370103553,6,10.0,13.0,18.0,9.781159420289855,9.781159420289855,557.1385390428212,1114.2770780856424,2228.554156171285,4457.10831234257
w-reversible-sp-unigram-48k,W,48000,kanbun,690,4292,12876,0.8478862109838009,2.5436586329514026,1.0,0,1374,0.27143421572500986,2.1095106484876305,6,7.0,11.0,13.0,7.336231884057971,7.336231884057971,434.11774002370606,868.2354800474121,1736.4709600948242,3472.9419201896485
w-reversible-sp-unigram-48k,W,48000,modern_ja,1,11,33,2.75,8.25,1.0,0,0,0.0,2.75,4,4,4,4,4.0,4.0,1408.0,2816.0,5632.0,11264.0
w-reversible-sp-unigram-48k,W,48000,old_orthography,1,13,39,1.0,3.0,1.0,0,6,0.46153846153846156,3.6153846153846154,6,13,13,13,13.0,13.0,512.0,1024.0,2048.0,4096.0
w-reversible-sp-unigram-48k,W,48000,ruby_rendered,2,25,75,1.1904761904761905,3.5714285714285716,1.0,0,3,0.14285714285714285,1.9166666666666665,6,10.5,11.7,11.969999999999999,10.5,10.5,609.5238095238095,1219.047619047619,2438.095238095238,4876.190476190476
w-reversible-sp-unigram-48k,W,48000,technical,2,34542,54848,1.4674993627326025,2.3301894808394934,1.0,0,651,0.027657405047157788,1.7658274684350064,16,11769.0,14732.2,15398.92,11769.0,11769.0,751.3596737190925,1502.719347438185,3005.43869487637,6010.87738975274
w-reversible-sp-unigram-48k,W,48000,technical_ja,1,27,43,1.2857142857142858,2.0476190476190474,1.0,0,0,0.0,1.2857142857142858,3,21,21,21,21.0,21.0,658.2857142857143,1316.5714285714287,2633.1428571428573,5266.285714285715
w-reversible-sp-unigram-48k,W,48000,unicode_edge,14,70,137,0.7291666666666666,1.4270833333333333,1.0,0,45,0.46875,2.9901960784313726,6,6.0,11.400000000000002,16.349999999999994,6.857142857142857,6.857142857142857,373.3333333333333,746.6666666666666,1493.3333333333333,2986.6666666666665
w-reversible-sp-unigram-48k,W,48000,web_novel,26,148548,395051,2.2792874349807435,6.061574578429718,1.0,0,1070,0.01641784174428061,2.8183671058402293,16,1968.0,5889.5,7536.75,2506.653846153846,2506.653846153846,1166.9951667101407,2333.9903334202813,4667.980666840563,9335.961333681125
w-reversible-sp-unigram-48k,W,48000,whitespace,2,34,46,1.5454545454545454,2.090909090909091,1.0,0,1,0.045454545454545456,2.1363636363636367,8,11.0,11.0,11.0,11.0,11.0,791.2727272727273,1582.5454545454545,3165.090909090909,6330.181818181818
w-reversible-sp-unigram-64k,W,64000,aa,97,468268,1303346,2.82697125746334,7.868403735744946,1.0,0,4495,0.02713667344831958,3.2087508295009535,16,1429,2380.2000000000003,9220.799999999988,1707.659793814433,1707.659793814433,1447.40928382123,2894.81856764246,5789.63713528492,11579.27427056984
w-reversible-sp-unigram-64k,W,64000,aozora_kyu_kyu,15,98589,283524,1.402064934510858,4.032083280003413,1.0,0,12651,0.17991381884892702,2.349299241028899,15,1983,11646.2,16571.399999999998,4687.8,4687.8,717.8572464695593,1435.7144929391186,2871.428985878237,5742.857971756474
w-reversible-sp-unigram-64k,W,64000,aozora_shin_kyu,51,363135,1049668,1.6066996146239376,4.6442815236291715,1.0,0,15840,0.07008446416799034,1.9841294383415025,16,2712,8757,35125.0,4431.6274509803925,4431.6274509803925,822.6302026874561,1645.2604053749121,3290.5208107498242,6581.0416214996485
w-reversible-sp-unigram-64k,W,64000,aozora_shin_shin,37,500000,1454404,1.945373900863746,5.658719165823672,1.0,0,7551,0.029379036650844292,2.1059330619998566,15,2752,11021.799999999997,53437.48000000001,6946.486486486487,6946.486486486487,996.031437242238,1992.062874484476,3984.125748968952,7968.251497937904
w-reversible-sp-unigram-64k,W,64000,code,1,36,36,1.2,1.2,1.0,0,0,0.0,1.2333333333333334,4,30,30,30,30.0,30.0,614.4,1228.8,2457.6,4915.2
w-reversible-sp-unigram-64k,W,64000,english,1,44,44,1.1891891891891893,1.1891891891891893,1.0,0,0,0.0,1.1891891891891893,3,37,37,37,37.0,37.0,608.8648648648649,1217.7297297297298,2435.4594594594596,4870.918918918919
w-reversible-sp-unigram-64k,W,64000,gyaru,13,211,547,0.9547511312217195,2.475113122171946,1.0,0,100,0.45248868778280543,2.8994653532102923,6,12,27.0,36.67999999999999,17.0,17.0,488.8325791855204,977.6651583710408,1955.3303167420815,3910.660633484163
w-reversible-sp-unigram-64k,W,64000,historical_kana,1,11,33,1.2222222222222223,3.6666666666666665,1.0,0,3,0.3333333333333333,3.111111111111111,6,9,9,9,9.0,9.0,625.7777777777778,1251.5555555555557,2503.1111111111113,5006.222222222223
w-reversible-sp-unigram-64k,W,64000,kakikudashi,690,7344,22032,1.1055246123739275,3.316573837121782,1.0,0,1359,0.2045762456721361,2.1185614019299575,6,9.0,13.0,18.0,9.627536231884058,9.627536231884058,566.0286015354509,1132.0572030709018,2264.1144061418036,4528.228812283607
w-reversible-sp-unigram-64k,W,64000,kanbun,690,4292,12876,0.8487245402412498,2.5461736207237493,1.0,0,1374,0.2717025904686573,2.1110806967968094,6,7.0,11.0,13.0,7.328985507246377,7.328985507246377,434.5469646035199,869.0939292070398,1738.1878584140795,3476.375716828159
w-reversible-sp-unigram-64k,W,64000,modern_ja,1,11,33,3.6666666666666665,11.0,1.0,0,0,0.0,3.6666666666666665,4,3,3,3,3.0,3.0,1877.3333333333333,3754.6666666666665,7509.333333333333,15018.666666666666
w-reversible-sp-unigram-64k,W,64000,old_orthography,1,13,39,1.0,3.0,1.0,0,6,0.46153846153846156,3.6153846153846154,6,13,13,13,13.0,13.0,512.0,1024.0,2048.0,4096.0
w-reversible-sp-unigram-64k,W,64000,ruby_rendered,2,25,75,1.1904761904761905,3.5714285714285716,1.0,0,3,0.14285714285714285,1.9166666666666665,6,10.5,11.7,11.969999999999999,10.5,10.5,609.5238095238095,1219.047619047619,2438.095238095238,4876.190476190476
w-reversible-sp-unigram-64k,W,64000,technical,2,34542,54848,1.534245358443635,2.436173047881318,1.0,0,651,0.02891534156524829,1.852305060400694,16,11257.0,14158.6,14811.46,11257.0,11257.0,785.5336235231412,1571.0672470462823,3142.1344940925646,6284.268988185129
w-reversible-sp-unigram-64k,W,64000,technical_ja,1,27,43,1.2857142857142858,2.0476190476190474,1.0,0,0,0.0,1.2857142857142858,3,21,21,21,21.0,21.0,658.2857142857143,1316.5714285714287,2633.1428571428573,5266.285714285715
w-reversible-sp-unigram-64k,W,64000,unicode_edge,14,70,137,0.7368421052631579,1.4421052631578948,1.0,0,45,0.47368421052631576,3.0021008403361344,6,6.0,11.400000000000002,16.349999999999994,6.785714285714286,6.785714285714286,377.2631578947368,754.5263157894736,1509.0526315789473,3018.1052631578946
w-reversible-sp-unigram-64k,W,64000,web_novel,26,148548,395051,2.393040676600886,6.3640918244059606,1.0,0,1070,0.017237213048731374,2.948145971965531,16,1881.0,5601.5,7164.0,2387.5,2387.5,1225.2368264196537,2450.4736528393073,4900.947305678615,9801.89461135723
w-reversible-sp-unigram-64k,W,64000,whitespace,2,34,46,1.619047619047619,2.1904761904761907,1.0,0,1,0.047619047619047616,2.254545454545455,8,10.5,10.9,10.99,10.5,10.5,828.952380952381,1657.904761904762,3315.809523809524,6631.619047619048
