candidate,seed,domain,requested_budget_fraction,actual_budget_fraction,source_chars,bits_per_byte,nll_sum,source_bytes,tokens,token_nll
j-reversible-sp-unigram-32k,1,aa,0.19,0.19008296666666666,468245,1.8407121431843378,1662848.6976184845,1303291,189974,8.753033034091425
j-reversible-sp-unigram-32k,1,aozora_kyu_kyu,0.19,0.19008296666666666,98589,2.187145640505349,429826.3063249588,283524,48030,8.94912151415696
j-reversible-sp-unigram-32k,1,aozora_shin_kyu,0.19,0.19008296666666666,363135,2.1194689989768305,1542071.4164562225,1049668,174239,8.85032292687758
j-reversible-sp-unigram-32k,1,aozora_shin_shin,0.19,0.19008296666666666,500000,1.989531391789843,2005678.4922208786,1454404,226058,8.87240660459209
j-reversible-sp-unigram-32k,1,gyaru,0.19,0.19008296666666666,211,6.157691632207722,2334.698066711426,547,227,10.285013509741963
j-reversible-sp-unigram-32k,1,historical_kana,0.19,0.19008296666666666,11,2.43609495404176,55.72288751602173,33,7,7.960412502288818
j-reversible-sp-unigram-32k,1,kakikudashi,0.19,0.19008296666666666,7344,3.736259679884982,57057.98587656021,22032,6309,9.043903293162183
j-reversible-sp-unigram-32k,1,kanbun,0.19,0.19008296666666666,4292,5.156660317510312,46023.00303697586,12876,4675,9.84449262823013
j-reversible-sp-unigram-32k,1,old_orthography,0.19,0.19008296666666666,13,2.2343045122701533,60.399373054504395,39,7,8.6284818649292
j-reversible-sp-unigram-32k,1,technical,0.19,0.19008296666666666,34542,6.215065755549665,236282.73259353638,54848,23549,10.03366311068565
j-reversible-sp-unigram-32k,1,unicode_edge,0.19,0.19008296666666666,70,11.096473273920118,1053.7340154647827,137,97,10.863237272832812
j-reversible-sp-unigram-32k,1,web_novel,0.19,0.19008296666666666,148523,2.3367394158688297,639750.8193492889,394980,70196,9.11377883852768
j-reversible-sp-unigram-32k,1,whitespace,0.19,0.19008296666666666,34,6.731774710458187,214.6410903930664,46,21,10.221004304431734
j-reversible-sp-unigram-32k,1,aa,0.2,0.20018903333333332,468245,1.8389046199562662,1661215.8308734894,1303291,189974,8.744437822404588
j-reversible-sp-unigram-32k,1,aozora_kyu_kyu,0.2,0.20018903333333332,98589,2.198628152268729,432082.8938732147,283524,48030,8.996104390447943
j-reversible-sp-unigram-32k,1,aozora_shin_kyu,0.2,0.20018903333333332,363135,2.129903610252842,1549663.3726482391,1049668,174239,8.893895010004874
j-reversible-sp-unigram-32k,1,aozora_shin_shin,0.2,0.20018903333333332,500000,1.9875320549681912,2003662.9287176132,1454404,226058,8.863490470222745
j-reversible-sp-unigram-32k,1,gyaru,0.2,0.20018903333333332,211,6.089982597061218,2309.026083946228,547,227,10.171921074652987
j-reversible-sp-unigram-32k,1,historical_kana,0.2,0.20018903333333332,11,2.487476928587553,56.89819145202637,33,7,8.128313064575195
j-reversible-sp-unigram-32k,1,kakikudashi,0.2,0.20018903333333332,7344,3.7232464064031223,56859.2547287941,22032,6309,9.012403666000015
j-reversible-sp-unigram-32k,1,kanbun,0.2,0.20018903333333332,4292,5.112223757592286,45626.40837955475,12876,4675,9.759659546428823
j-reversible-sp-unigram-32k,1,old_orthography,0.2,0.20018903333333332,13,2.254580049698888,60.947476387023926,39,7,8.706782341003418
j-reversible-sp-unigram-32k,1,technical,0.2,0.20018903333333332,34542,6.1633790101528465,234317.71952342987,54848,23549,9.95021952199371
j-reversible-sp-unigram-32k,1,unicode_edge,0.2,0.20018903333333332,70,10.96333544306796,1041.0910921096802,137,97,10.732897856800827
j-reversible-sp-unigram-32k,1,web_novel,0.2,0.20018903333333332,148523,2.3304973141056937,638041.8612642288,394980,70196,9.089433319052779
j-reversible-sp-unigram-32k,1,whitespace,0.2,0.20018903333333332,34,6.704515968766878,213.77195167541504,46,21,10.179616746448335
j-reversible-sp-unigram-32k,1,aa,0.5,0.5002318333333333,468245,1.8372662084532236,1659735.735007286,1303291,189974,8.736646778018498
j-reversible-sp-unigram-32k,1,aozora_kyu_kyu,0.5,0.5002318333333333,98589,2.165223118468437,425518.00764656067,283524,48030,8.85942135429025
j-reversible-sp-unigram-32k,1,aozora_shin_kyu,0.5,0.5002318333333333,363135,2.09150002909107,1521721.9095611572,1049668,174239,8.733532157330776
j-reversible-sp-unigram-32k,1,aozora_shin_shin,0.5,0.5002318333333333,500000,1.989433607236859,2005579.9140453339,1454404,226058,8.871970529887612
j-reversible-sp-unigram-32k,1,gyaru,0.5,0.5002318333333333,211,5.926646728311392,2247.0970430374146,547,227,9.89910591646438
j-reversible-sp-unigram-32k,1,historical_kana,0.5,0.5002318333333333,11,2.381520439490023,54.474557876586914,33,7,7.782079696655273
j-reversible-sp-unigram-32k,1,kakikudashi,0.5,0.5002318333333333,7344,3.7108892146983194,56670.542880535126,22032,6309,8.982492135129993
j-reversible-sp-unigram-32k,1,kanbun,0.5,0.5002318333333333,4292,5.089229137181667,45421.18224096298,12876,4675,9.715760907157858
j-reversible-sp-unigram-32k,1,old_orthography,0.5,0.5002318333333333,13,2.16596594474371,58.55199432373047,39,7,8.364570617675781
j-reversible-sp-unigram-32k,1,technical,0.5,0.5002318333333333,34542,5.730168951593861,217848.05364227295,54848,23549,9.250840954701811
j-reversible-sp-unigram-32k,1,unicode_edge,0.5,0.5002318333333333,70,10.499236614184612,997.019727230072,137,97,10.278553888969814
j-reversible-sp-unigram-32k,1,web_novel,0.5,0.5002318333333333,148523,2.304632516516329,630960.6157741547,394980,70196,8.988555128129162
j-reversible-sp-unigram-32k,1,whitespace,0.5,0.5002318333333333,34,6.015075836201488,191.78931140899658,46,21,9.132824352809362
j-reversible-sp-unigram-32k,1,aa,0.75,0.7500226666666666,468245,1.8239683451281787,1647722.811208725,1303291,189974,8.673412210137835
j-reversible-sp-unigram-32k,1,aozora_kyu_kyu,0.75,0.7500226666666666,98589,2.1984691045494786,432051.6372013092,283524,48030,8.995453616516953
j-reversible-sp-unigram-32k,1,aozora_shin_kyu,0.75,0.7500226666666666,363135,2.1241710252028017,1545492.4904356003,1049668,174239,8.869957302530434
j-reversible-sp-unigram-32k,1,aozora_shin_shin,0.75,0.7500226666666666,500000,1.989508861511537,2005655.779086113,1454404,226058,8.872306129781352
j-reversible-sp-unigram-32k,1,gyaru,0.75,0.7500226666666666,211,6.020468027050281,2282.669529914856,547,227,10.055812907113904
j-reversible-sp-unigram-32k,1,historical_kana,0.75,0.7500226666666666,11,2.581267969508124,59.04355430603027,33,7,8.434793472290039
j-reversible-sp-unigram-32k,1,kakikudashi,0.75,0.7500226666666666,7344,3.8130651921469703,58230.915011405945,22032,6309,9.229816930005697
j-reversible-sp-unigram-32k,1,kanbun,0.75,0.7500226666666666,4292,5.2388797142605394,46756.80811882019,12876,4675,10.001456282100575
j-reversible-sp-unigram-32k,1,old_orthography,0.75,0.7500226666666666,13,2.2208598435057496,60.035926818847656,39,7,8.576560974121094
j-reversible-sp-unigram-32k,1,technical,0.75,0.7500226666666666,34542,5.917957565662566,224987.35170078278,54848,23549,9.55400873501137
j-reversible-sp-unigram-32k,1,unicode_edge,0.75,0.7500226666666666,70,10.727085587129004,1018.6565308570862,137,97,10.501613720176147
j-reversible-sp-unigram-32k,1,web_novel,0.75,0.7500226666666666,148523,2.305372804570881,631163.29129982,394980,70196,8.991442408396773
j-reversible-sp-unigram-32k,1,whitespace,0.75,0.7500226666666666,34,6.1277189092517474,195.38090991973877,46,21,9.303852853320894
j-reversible-sp-unigram-32k,1,aa,1.0,1.0,468245,1.8270663294889424,1650521.4450302124,1303291,189974,8.688143877742283
j-reversible-sp-unigram-32k,1,aozora_kyu_kyu,1.0,1.0,98589,2.176675060936167,427768.58759880066,283524,48030,8.906279150505947
j-reversible-sp-unigram-32k,1,aozora_shin_kyu,1.0,1.0,363135,2.1057398865610444,1532082.4655256271,1049668,174239,8.7929939079404
j-reversible-sp-unigram-32k,1,aozora_shin_shin,1.0,1.0,500000,1.9784584816814583,1994515.7140197754,1454404,226058,8.823026453475547
j-reversible-sp-unigram-32k,1,gyaru,1.0,1.0,211,6.017123934762409,2281.4016122817993,547,227,10.050227366880174
j-reversible-sp-unigram-32k,1,historical_kana,1.0,1.0,11,2.5640830044135097,58.65046787261963,33,7,8.37863826751709
j-reversible-sp-unigram-32k,1,kakikudashi,1.0,1.0,7344,3.816686223069936,58286.213290691376,22032,6309,9.238581913249545
j-reversible-sp-unigram-32k,1,kanbun,1.0,1.0,4292,5.245909327254897,46819.54715538025,12876,4675,10.014876396872781
j-reversible-sp-unigram-32k,1,old_orthography,1.0,1.0,13,2.214753277570622,59.870849609375,39,7,8.552978515625
j-reversible-sp-unigram-32k,1,technical,1.0,1.0,34542,5.7846349429751225,219918.72735404968,54848,23549,9.338771385368792
j-reversible-sp-unigram-32k,1,unicode_edge,1.0,1.0,70,10.613537720065937,1007.8738932609558,137,97,10.390452507844905
j-reversible-sp-unigram-32k,1,web_novel,1.0,1.0,148523,2.3003951148016593,629800.5030117035,394980,70196,8.972028363606238
j-reversible-sp-unigram-32k,1,whitespace,1.0,1.0,34,5.974547077674749,190.497061252594,46,21,9.071288631075905
j-reversible-sp-unigram-48k,1,aa,0.19,0.19008296666666666,468245,1.7838487491378259,1611479.8721981049,1303291,175826,9.165196684211123
j-reversible-sp-unigram-48k,1,aozora_kyu_kyu,0.19,0.19008296666666666,98589,2.1629856388165005,425078.28950595856,283524,44962,9.454167730660526
j-reversible-sp-unigram-48k,1,aozora_shin_kyu,0.19,0.19008296666666666,363135,2.089548562594209,1520302.0724668503,1049668,162834,9.336514932181549
j-reversible-sp-unigram-48k,1,aozora_shin_shin,0.19,0.19008296666666666,500000,1.9488462034390128,1964663.1015796661,1454404,210650,9.32667031369412
j-reversible-sp-unigram-48k,1,gyaru,0.19,0.19008296666666666,211,6.092262733614037,2309.890601158142,547,223,10.358253816852654
j-reversible-sp-unigram-48k,1,historical_kana,0.19,0.19008296666666666,11,2.514456899770689,57.51532745361328,33,6,9.585887908935547
j-reversible-sp-unigram-48k,1,kakikudashi,0.19,0.19008296666666666,7344,3.764003432026992,57481.67233133316,22032,6098,9.42631556761777
j-reversible-sp-unigram-48k,1,kanbun,0.19,0.19008296666666666,4292,5.226487617565182,46646.20911312103,12876,4633,10.068251481355716
j-reversible-sp-unigram-48k,1,old_orthography,0.19,0.19008296666666666,13,2.2326213048367243,60.35387134552002,39,7,8.621981620788574
j-reversible-sp-unigram-48k,1,technical,0.19,0.19008296666666666,34542,5.864674496666048,222961.65002059937,54848,20968,10.633424743447128
j-reversible-sp-unigram-48k,1,unicode_edge,0.19,0.19008296666666666,70,10.904833764293773,1035.535704612732,137,94,11.01633728311417
j-reversible-sp-unigram-48k,1,web_novel,0.19,0.19008296666666666,148523,2.2580307922165814,618202.0295572281,394980,65296,9.46768606893574
j-reversible-sp-unigram-48k,1,whitespace,0.19,0.19008296666666666,34,6.4375507693955845,205.25982761383057,46,19,10.803148821780557
j-reversible-sp-unigram-48k,1,aa,0.2,0.2000922,468245,1.7806204426435261,1608563.5089473724,1303291,175826,9.148610040309013
j-reversible-sp-unigram-48k,1,aozora_kyu_kyu,0.2,0.2000922,98589,2.179657412179407,428354.69078063965,283524,44962,9.527038182924239
j-reversible-sp-unigram-48k,1,aozora_shin_kyu,0.2,0.2000922,363135,2.101994216846384,1529357.2120752335,1049668,162834,9.39212456904107
j-reversible-sp-unigram-48k,1,aozora_shin_shin,0.2,0.2000922,500000,1.9519968703878372,1967839.339442253,1454404,210650,9.341748585056981
j-reversible-sp-unigram-48k,1,gyaru,0.2,0.2000922,211,5.989390315576183,2270.886368751526,547,223,10.183346945074106
j-reversible-sp-unigram-48k,1,historical_kana,0.2,0.2000922,11,2.546952740225061,58.25863265991211,33,6,9.709772109985352
j-reversible-sp-unigram-48k,1,kakikudashi,0.2,0.2000922,7344,3.771743438976376,57599.87321805954,22032,6098,9.44569911742531
j-reversible-sp-unigram-48k,1,kanbun,0.2,0.2000922,4292,5.220080140136444,46589.02261352539,12876,4633,10.055908183363995
j-reversible-sp-unigram-48k,1,old_orthography,0.2,0.2000922,13,2.2219103664549587,60.0643253326416,39,7,8.580617904663086
j-reversible-sp-unigram-48k,1,technical,0.2,0.2000922,34542,5.821365389423327,221315.1357908249,54848,20968,10.55489964664369
j-reversible-sp-unigram-48k,1,unicode_edge,0.2,0.2000922,70,10.796205966863806,1025.2202825546265,137,94,10.906598750581132
j-reversible-sp-unigram-48k,1,web_novel,0.2,0.2000922,148523,2.2532806858517795,616901.5488882065,394980,65296,9.447769371603261
j-reversible-sp-unigram-48k,1,whitespace,0.2,0.2000922,34,6.304200775811259,201.00799369812012,46,19,10.579368089374743
j-reversible-sp-unigram-48k,1,aa,0.5,0.5002655666666667,468245,1.7833439672992275,1611023.8661756516,1303291,175826,9.162603176866059
j-reversible-sp-unigram-48k,1,aozora_kyu_kyu,0.5,0.5002655666666667,98589,2.119284727671065,416490.0177087784,283524,44962,9.26315594743958
j-reversible-sp-unigram-48k,1,aozora_shin_kyu,0.5,0.5002655666666667,363135,2.049713911517165,1491319.399523735,1049668,162834,9.158525857767636
j-reversible-sp-unigram-48k,1,aozora_shin_shin,0.5,0.5002655666666667,500000,1.9443565274985413,1960136.987285614,1454404,210650,9.3051838940689
j-reversible-sp-unigram-48k,1,gyaru,0.5,0.5002655666666667,211,5.802680406110121,2200.095025062561,547,223,9.865896973374713
j-reversible-sp-unigram-48k,1,historical_kana,0.5,0.5002655666666667,11,2.28447669590528,52.25479316711426,33,6,8.709132194519043
j-reversible-sp-unigram-48k,1,kakikudashi,0.5,0.5002655666666667,7344,3.773611231420626,57628.39705848694,22032,6098,9.450376690470144
j-reversible-sp-unigram-48k,1,kanbun,0.5,0.5002655666666667,4292,5.173094385568018,46169.67648792267,12876,4633,9.965395313602993
j-reversible-sp-unigram-48k,1,old_orthography,0.5,0.5002655666666667,13,2.2031031904404212,59.55591583251953,39,7,8.507987976074219
j-reversible-sp-unigram-48k,1,technical,0.5,0.5002655666666667,34542,5.4860368788976075,208566.70481681824,54848,20968,9.946905037047799
j-reversible-sp-unigram-48k,1,unicode_edge,0.5,0.5002655666666667,70,10.395586280889917,987.1769709587097,137,94,10.501882669773508
j-reversible-sp-unigram-48k,1,web_novel,0.5,0.5002655666666667,148523,2.2363623276268183,612269.6530666351,394980,65296,9.37683247161595
j-reversible-sp-unigram-48k,1,whitespace,0.5,0.5002655666666667,34,5.833796072423272,186.0092477798462,46,19,9.78996040946559
j-reversible-sp-unigram-48k,1,aa,0.75,0.7501628,468245,1.7568467597070285,1587087.0179843903,1303291,175826,9.026463765224655
j-reversible-sp-unigram-48k,1,aozora_kyu_kyu,0.75,0.7501628,98589,2.13593103436829,419761.41417598724,283524,44962,9.335915087762716
j-reversible-sp-unigram-48k,1,aozora_shin_kyu,0.75,0.7501628,363135,2.0668241329658263,1503768.358880043,1049668,162834,9.234977700480508
j-reversible-sp-unigram-48k,1,aozora_shin_shin,0.75,0.7501628,500000,1.9300957808205752,1945760.4999313354,1454404,210650,9.236935674964801
j-reversible-sp-unigram-48k,1,gyaru,0.75,0.7501628,211,5.965589712610668,2261.862334251404,547,223,10.142880422652034
j-reversible-sp-unigram-48k,1,historical_kana,0.75,0.7501628,11,2.4217378631941147,55.39448547363281,33,6,9.232414245605469
j-reversible-sp-unigram-48k,1,kakikudashi,0.75,0.7501628,7344,3.814579708527214,58254.043825149536,22032,6098,9.552975373097661
j-reversible-sp-unigram-48k,1,kanbun,0.75,0.7501628,4292,5.260669038366867,46951.277032375336,12876,4633,10.134098215492195
j-reversible-sp-unigram-48k,1,old_orthography,0.75,0.7501628,13,2.2317159881625823,60.3293981552124,39,7,8.618485450744629
j-reversible-sp-unigram-48k,1,technical,0.75,0.7501628,34542,5.6158550150969315,213502.09651947021,54848,20968,10.182282359761075
j-reversible-sp-unigram-48k,1,unicode_edge,0.75,0.7501628,70,10.790465949229478,1024.6752038002014,137,94,10.900800040427674
j-reversible-sp-unigram-48k,1,web_novel,0.75,0.7501628,148523,2.227718550278983,609903.1659851074,394980,65296,9.34059002060015
j-reversible-sp-unigram-48k,1,whitespace,0.75,0.7501628,34,6.057715629425022,193.14887142181396,46,19,10.165730074832315
j-reversible-sp-unigram-48k,1,aa,1.0,1.0,468245,1.7536702244288587,1584217.4234256744,1303291,175826,9.0101431154987
j-reversible-sp-unigram-48k,1,aozora_kyu_kyu,1.0,1.0,98589,2.110711238529492,414805.1225185394,283524,44962,9.225682187592621
j-reversible-sp-unigram-48k,1,aozora_shin_kyu,1.0,1.0,363135,2.044722066878628,1487687.4610824585,1049668,162834,9.136221311780455
j-reversible-sp-unigram-48k,1,aozora_shin_shin,1.0,1.0,500000,1.9133706865758644,1928899.6642866135,1454404,210650,9.156893730294867
j-reversible-sp-unigram-48k,1,gyaru,1.0,1.0,211,5.945222019181795,2254.139892578125,547,223,10.108250639363789
j-reversible-sp-unigram-48k,1,historical_kana,1.0,1.0,11,2.3504697536160655,53.76430892944336,33,6,8.960718154907227
j-reversible-sp-unigram-48k,1,kakikudashi,1.0,1.0,7344,3.845732512327564,58729.791335105896,22032,6098,9.630992347508347
j-reversible-sp-unigram-48k,1,kanbun,1.0,1.0,4292,5.325430818911056,47529.273533821106,12876,4633,10.258854637129529
j-reversible-sp-unigram-48k,1,old_orthography,1.0,1.0,13,2.2892752123103324,61.8853816986084,39,7,8.840768814086914
j-reversible-sp-unigram-48k,1,technical,1.0,1.0,34542,5.46753669731778,207863.3697872162,54848,20968,9.913361779245335
j-reversible-sp-unigram-48k,1,unicode_edge,1.0,1.0,70,10.661070927849483,1012.3877019882202,137,94,10.770081936044896
j-reversible-sp-unigram-48k,1,web_novel,1.0,1.0,148523,2.2168337144982706,606923.1235542297,394980,65296,9.294951046836402
j-reversible-sp-unigram-48k,1,whitespace,1.0,1.0,34,5.846766136560585,186.42279529571533,46,19,9.811726068195544
j-reversible-sp-unigram-32k,2,aa,0.19,0.19008296666666666,468245,1.8363976372656554,1658951.0916976929,1303291,189974,8.732516511194651
j-reversible-sp-unigram-32k,2,aozora_kyu_kyu,0.19,0.19008296666666666,98589,2.20386146502563,433111.3647031784,283524,48030,9.01751748288941
j-reversible-sp-unigram-32k,2,aozora_shin_kyu,0.19,0.19008296666666666,363135,2.128760658574518,1548831.7902498245,1049668,174239,8.889122356360083
j-reversible-sp-unigram-32k,2,aozora_shin_shin,0.19,0.19008296666666666,500000,1.993824520487535,2010006.46408844,1454404,226058,8.891552009167736
j-reversible-sp-unigram-32k,2,gyaru,0.19,0.19008296666666666,211,6.184113062125969,2344.7157917022705,547,227,10.329144456838197
j-reversible-sp-unigram-32k,2,historical_kana,0.19,0.19008296666666666,11,2.4355510927837773,55.71044731140137,33,7,7.958635330200195
j-reversible-sp-unigram-32k,2,kakikudashi,0.19,0.19008296666666666,7344,3.7365840591791937,57062.93960857391,22032,6309,9.044688478138202
j-reversible-sp-unigram-32k,2,kanbun,0.19,0.19008296666666666,4292,5.159001722016698,46043.89998579025,12876,4675,9.8489625638054
j-reversible-sp-unigram-32k,2,old_orthography,0.19,0.19008296666666666,13,2.236820186290743,60.46737861633301,39,7,8.63819694519043
j-reversible-sp-unigram-32k,2,technical,0.19,0.19008296666666666,34542,6.095449773108676,231735.20368480682,54848,23549,9.840553895486298
j-reversible-sp-unigram-32k,2,unicode_edge,0.19,0.19008296666666666,70,11.126615902353285,1056.5963945388794,137,97,10.892746335452365
j-reversible-sp-unigram-32k,2,web_novel,0.19,0.19008296666666666,148523,2.319724882475797,635092.5927600861,394980,70196,9.04741855319514
j-reversible-sp-unigram-32k,2,whitespace,0.19,0.19008296666666666,34,6.652092127400798,212.1004295349121,46,21,10.100020454043435
j-reversible-sp-unigram-32k,2,aa,0.2,0.20018903333333332,468245,1.8356143039963337,1658243.4499778748,1303291,189974,8.728791571361738
j-reversible-sp-unigram-32k,2,aozora_kyu_kyu,0.2,0.20018903333333332,98589,2.2138644480573815,435077.1895523071,283524,48030,9.058446586556467
j-reversible-sp-unigram-32k,2,aozora_shin_kyu,0.2,0.20018903333333332,363135,2.1377651189302935,1555383.2052230835,1049668,174239,8.926722520348966
j-reversible-sp-unigram-32k,2,aozora_shin_shin,0.2,0.20018903333333332,500000,1.9908882635410607,2007046.3763866425,1454404,226058,8.878457636476668
j-reversible-sp-unigram-32k,2,gyaru,0.2,0.20018903333333332,211,6.099617061389624,2312.6790056228638,547,227,10.188013240629356
j-reversible-sp-unigram-32k,2,historical_kana,0.2,0.20018903333333332,11,2.5157833967451984,57.54566955566406,33,7,8.220809936523438
j-reversible-sp-unigram-32k,2,kakikudashi,0.2,0.20018903333333332,7344,3.7341672478112744,57026.03147029877,22032,6309,9.038838400744773
j-reversible-sp-unigram-32k,2,kanbun,0.2,0.20018903333333332,4292,5.124441384486621,45735.45024871826,12876,4675,9.782984010421018
j-reversible-sp-unigram-32k,2,old_orthography,0.2,0.20018903333333332,13,2.2655979462437625,61.245320320129395,39,7,8.7493314743042
j-reversible-sp-unigram-32k,2,technical,0.2,0.20018903333333332,34542,6.0886484369742355,231476.63227939606,54848,23549,9.82957375172602
j-reversible-sp-unigram-32k,2,unicode_edge,0.2,0.20018903333333332,70,10.995912472115263,1044.1846446990967,137,97,10.76479015153708
j-reversible-sp-unigram-32k,2,web_novel,0.2,0.20018903333333332,148523,2.318553551373003,634771.9065818787,394980,70196,9.042850113708454
j-reversible-sp-unigram-32k,2,whitespace,0.2,0.20018903333333332,34,6.599787148478984,210.43269729614258,46,21,10.020604633149647
j-reversible-sp-unigram-32k,2,aa,0.5,0.5002318333333333,468245,1.838748463951542,1661074.763835907,1303291,189974,8.743695262698617
j-reversible-sp-unigram-32k,2,aozora_kyu_kyu,0.5,0.5002318333333333,98589,2.16381985301831,425242.23250198364,283524,48030,8.853679627357561
j-reversible-sp-unigram-32k,2,aozora_shin_kyu,0.5,0.5002318333333333,363135,2.0910199957969624,1521372.6496181488,1049668,174239,8.731527669569665
j-reversible-sp-unigram-32k,2,aozora_shin_shin,0.5,0.5002318333333333,500000,1.9895547816678054,2005702.071931839,1454404,226058,8.87251091282697
j-reversible-sp-unigram-32k,2,gyaru,0.5,0.5002318333333333,211,5.928577154650243,2247.8289670944214,547,227,9.902330251517276
j-reversible-sp-unigram-32k,2,historical_kana,0.5,0.5002318333333333,11,2.3832388484446807,54.513864517211914,33,7,7.787694931030273
j-reversible-sp-unigram-32k,2,kakikudashi,0.5,0.5002318333333333,7344,3.7142303347083283,56721.566523075104,22032,6309,8.99057957252736
j-reversible-sp-unigram-32k,2,kanbun,0.5,0.5002318333333333,4292,5.0874998350647616,45405.74828338623,12876,4675,9.712459525858018
j-reversible-sp-unigram-32k,2,old_orthography,0.5,0.5002318333333333,13,2.177780500205874,58.87137413024902,39,7,8.410196304321289
j-reversible-sp-unigram-32k,2,technical,0.5,0.5002318333333333,34542,5.731662584468123,217904.83818340302,54848,23549,9.253252290262985
j-reversible-sp-unigram-32k,2,unicode_edge,0.5,0.5002318333333333,70,10.635567864090513,1009.9659013748169,137,97,10.412019601802236
j-reversible-sp-unigram-32k,2,web_novel,0.5,0.5002318333333333,148523,2.3044337640051786,630906.20145607,394980,70196,8.987779951223288
j-reversible-sp-unigram-32k,2,whitespace,0.5,0.5002318333333333,34,6.071921037465976,193.60180759429932,46,21,9.219133694966635
j-reversible-sp-unigram-32k,2,aa,0.75,0.7500226666666666,468245,1.8238873119765955,1647649.608089447,1303291,189974,8.673026877833003
j-reversible-sp-unigram-32k,2,aozora_kyu_kyu,0.75,0.7500226666666666,98589,2.195633879835775,431494.4478931427,283524,48030,8.98385275646768
j-reversible-sp-unigram-32k,2,aozora_shin_kyu,0.75,0.7500226666666666,363135,2.1220183752914683,1543926.2774362564,1049668,174239,8.860968425187567
j-reversible-sp-unigram-32k,2,aozora_shin_shin,0.75,0.7500226666666666,500000,1.9877692172666763,2003902.015832901,1454404,226058,8.864548106383765
j-reversible-sp-unigram-32k,2,gyaru,0.75,0.7500226666666666,211,6.035352397936107,2288.312961578369,547,227,10.080673839552286
j-reversible-sp-unigram-32k,2,historical_kana,0.75,0.7500226666666666,11,2.556583643595087,58.478928565979004,33,7,8.354132652282715
j-reversible-sp-unigram-32k,2,kakikudashi,0.75,0.7500226666666666,7344,3.813490731461564,58237.413600444794,22032,6309,9.230846980574544
j-reversible-sp-unigram-32k,2,kanbun,0.75,0.7500226666666666,4292,5.237571334312172,46745.1308760643,12876,4675,9.998958476163487
j-reversible-sp-unigram-32k,2,old_orthography,0.75,0.7500226666666666,13,2.218768922534675,59.979403495788574,39,7,8.568486213684082
j-reversible-sp-unigram-32k,2,technical,0.75,0.7500226666666666,34542,5.915906663520433,224909.38104343414,54848,23549,9.550697738478668
j-reversible-sp-unigram-32k,2,unicode_edge,0.75,0.7500226666666666,70,10.913540630786526,1036.362518787384,137,97,10.684149678220454
j-reversible-sp-unigram-32k,2,web_novel,0.75,0.7500226666666666,148523,2.3041195201026676,630820.1679887772,394980,70196,8.986554333420383
j-reversible-sp-unigram-32k,2,whitespace,0.75,0.7500226666666666,34,6.23197497166494,198.7050905227661,46,21,9.462147167750768
j-reversible-sp-unigram-32k,2,aa,1.0,1.0,468245,1.8260682224146596,1649619.7825651169,1303291,189974,8.68339763633506
j-reversible-sp-unigram-32k,2,aozora_kyu_kyu,1.0,1.0,98589,2.174781617629706,427396.48080921173,283524,48030,8.898531767837014
j-reversible-sp-unigram-32k,2,aozora_shin_kyu,1.0,1.0,363135,2.1046172153098057,1531265.6386470795,1049668,174239,8.788305939813013
j-reversible-sp-unigram-32k,2,aozora_shin_shin,1.0,1.0,500000,1.9771146880349415,1993161.0141010284,1454404,226058,8.817033743999453
j-reversible-sp-unigram-32k,2,gyaru,1.0,1.0,211,6.043306382368059,2291.3287267684937,547,227,10.093959148759884
j-reversible-sp-unigram-32k,2,historical_kana,1.0,1.0,11,2.5437037482168705,58.18431568145752,33,7,8.312045097351074
j-reversible-sp-unigram-32k,2,kakikudashi,1.0,1.0,7344,3.8236539092027053,58392.61974287033,22032,6309,9.255447732266656
j-reversible-sp-unigram-32k,2,kanbun,1.0,1.0,4292,5.258579089165376,46932.624312877655,12876,4675,10.039064024144952
j-reversible-sp-unigram-32k,2,old_orthography,1.0,1.0,13,2.2043532485431236,59.58970832824707,39,7,8.512815475463867
j-reversible-sp-unigram-32k,2,technical,1.0,1.0,34542,5.789027045520406,220085.70515155792,54848,23549,9.345862038793916
j-reversible-sp-unigram-32k,2,unicode_edge,1.0,1.0,70,10.795249919073703,1025.1294951438904,137,97,10.568345310761757
j-reversible-sp-unigram-32k,2,web_novel,1.0,1.0,148523,2.297779048171579,629084.2781906128,394980,70196,8.961825149447444
j-reversible-sp-unigram-32k,2,whitespace,1.0,1.0,34,6.037521306920606,192.50498008728027,46,21,9.166903813680014
j-reversible-sp-unigram-48k,2,aa,0.19,0.19008296666666666,468245,1.783277912870836,1610964.1944227219,1303291,175826,9.162263797292333
j-reversible-sp-unigram-48k,2,aozora_kyu_kyu,0.19,0.19008296666666666,98589,2.1671119262090563,425889.2034368515,283524,44962,9.472203270247132
j-reversible-sp-unigram-48k,2,aozora_shin_kyu,0.19,0.19008296666666666,363135,2.0927165793166616,1522607.0403795242,1049668,162834,9.350670255471979
j-reversible-sp-unigram-48k,2,aozora_shin_shin,0.19,0.19008296666666666,500000,1.9507621867596592,1966594.6350822449,1454404,210650,9.335839710810562
j-reversible-sp-unigram-48k,2,gyaru,0.19,0.19008296666666666,211,6.100593133046856,2313.049084663391,547,223,10.372417420015207
j-reversible-sp-unigram-48k,2,historical_kana,0.19,0.19008296666666666,11,2.52621601027121,57.78430366516113,33,6,9.630717277526855
j-reversible-sp-unigram-48k,2,kakikudashi,0.19,0.19008296666666666,7344,3.7543664112572377,57334.50135231018,22032,6098,9.40218126472781
j-reversible-sp-unigram-48k,2,kanbun,0.19,0.19008296666666666,4292,5.211573834521194,46513.10414981842,12876,4633,10.03952172454531
j-reversible-sp-unigram-48k,2,old_orthography,0.19,0.19008296666666666,13,2.2389948231244836,60.52616500854492,39,7,8.646595001220703
j-reversible-sp-unigram-48k,2,technical,0.19,0.19008296666666666,34542,5.864726111554378,222963.61230182648,54848,20968,10.633518328015379
j-reversible-sp-unigram-48k,2,unicode_edge,0.19,0.19008296666666666,70,10.912808195592284,1036.292965888977,137,94,11.024393254138054
j-reversible-sp-unigram-48k,2,web_novel,0.19,0.19008296666666666,148523,2.2600961750593473,618767.488571167,394980,65296,9.476346002376363
j-reversible-sp-unigram-48k,2,whitespace,0.19,0.19008296666666666,34,6.501422224653486,207.29635429382324,46,19,10.910334436517013
j-reversible-sp-unigram-48k,2,aa,0.2,0.2000922,468245,1.7818137900742412,1609641.546177864,1303291,175826,9.154741313445475
j-reversible-sp-unigram-48k,2,aozora_kyu_kyu,0.2,0.2000922,98589,2.177037988838591,427839.91159152985,283524,44962,9.515588977170273
j-reversible-sp-unigram-48k,2,aozora_shin_kyu,0.2,0.2000922,363135,2.1012724710747688,1528832.088317871,1049668,162834,9.38889966664131
j-reversible-sp-unigram-48k,2,aozora_shin_shin,0.2,0.2000922,500000,1.9514979333551727,1967336.353020668,1454404,210650,9.339360802376778
j-reversible-sp-unigram-48k,2,gyaru,0.2,0.2000922,211,6.047702658854519,2292.995581626892,547,223,10.28249139743001
j-reversible-sp-unigram-48k,2,historical_kana,0.2,0.2000922,11,2.574862460041952,58.89703559875488,33,6,9.81617259979248
j-reversible-sp-unigram-48k,2,kakikudashi,0.2,0.2000922,7344,3.770893220978599,57586.88918304443,22032,6098,9.44356988898728
j-reversible-sp-unigram-48k,2,kanbun,0.2,0.2000922,4292,5.219112629481522,46580.38761663437,12876,4633,10.05404438088374
j-reversible-sp-unigram-48k,2,old_orthography,0.2,0.2000922,13,2.24466774582999,60.67951965332031,39,7,8.668502807617188
j-reversible-sp-unigram-48k,2,technical,0.2,0.2000922,34542,5.8613208197978075,222834.15081691742,54848,20968,10.627344087033451
j-reversible-sp-unigram-48k,2,unicode_edge,0.2,0.2000922,70,10.837322564711052,1029.1247625350952,137,94,10.94813577164995
j-reversible-sp-unigram-48k,2,web_novel,0.2,0.2000922,148523,2.25900219558909,618467.9796667099,394980,65296,9.471759061300997
j-reversible-sp-unigram-48k,2,whitespace,0.2,0.2000922,34,6.405387321781878,204.23430347442627,46,19,10.749173867075067
j-reversible-sp-unigram-48k,2,aa,0.5,0.5002655666666667,468245,1.7912852602259406,1618197.8116779327,1303291,175826,9.203404568595843
j-reversible-sp-unigram-48k,2,aozora_kyu_kyu,0.5,0.5002655666666667,98589,2.1220224520738054,417028.045879364,283524,44962,9.275122233872247
j-reversible-sp-unigram-48k,2,aozora_shin_kyu,0.5,0.5002655666666667,363135,2.052723557153386,1493509.1406860352,1049668,162834,9.171973547821924
j-reversible-sp-unigram-48k,2,aozora_shin_shin,0.5,0.5002655666666667,500000,1.9520002320566805,1967842.7283945084,1454404,210650,9.341764673128452
j-reversible-sp-unigram-48k,2,gyaru,0.5,0.5002655666666667,211,5.83494673338742,2212.328851699829,547,223,9.920757182510444
j-reversible-sp-unigram-48k,2,historical_kana,0.5,0.5002655666666667,11,2.243296169356357,51.312835693359375,33,6,8.552139282226562
j-reversible-sp-unigram-48k,2,kakikudashi,0.5,0.5002655666666667,7344,3.7179970716249584,56779.08993959427,22032,6098,9.311100350868198
j-reversible-sp-unigram-48k,2,kanbun,0.5,0.5002655666666667,4292,5.127508955843672,45762.828209877014,12876,4633,9.877580015082454
j-reversible-sp-unigram-48k,2,old_orthography,0.5,0.5002655666666667,13,2.171538605973575,58.70263862609863,39,7,8.386091232299805
j-reversible-sp-unigram-48k,2,technical,0.5,0.5002655666666667,34542,5.4400497865016195,206818.379652977,54848,20968,9.863524401610883
j-reversible-sp-unigram-48k,2,unicode_edge,0.5,0.5002655666666667,70,10.458258390816487,993.1283874511719,137,94,10.565195611182679
j-reversible-sp-unigram-48k,2,web_novel,0.5,0.5002655666666667,148523,2.2517799677901773,616490.6833877563,394980,65296,9.441477018312858
j-reversible-sp-unigram-48k,2,whitespace,0.5,0.5002655666666667,34,5.991764260852625,191.04602718353271,46,19,10.055054062291196
j-reversible-sp-unigram-48k,2,aa,0.75,0.7501628,468245,1.7686151418405798,1597718.2505626678,1303291,175826,9.086928273194339
j-reversible-sp-unigram-48k,2,aozora_kyu_kyu,0.75,0.7501628,98589,2.1222335847465126,417069.5384874344,283524,44962,9.276045071114149
j-reversible-sp-unigram-48k,2,aozora_shin_kyu,0.75,0.7501628,363135,2.0581992801697457,1497493.1366548538,1049668,162834,9.196440157797841
j-reversible-sp-unigram-48k,2,aozora_shin_shin,0.75,0.7501628,500000,1.921718709061165,1937315.4395895004,1454404,210650,9.19684519150012
j-reversible-sp-unigram-48k,2,gyaru,0.75,0.7501628,211,5.987464917293188,2270.1563510894775,547,223,10.1800733232712
j-reversible-sp-unigram-48k,2,historical_kana,0.75,0.7501628,11,2.480486636415684,56.73829650878906,33,6,9.456382751464844
j-reversible-sp-unigram-48k,2,kakikudashi,0.75,0.7501628,7344,3.851978150845353,58825.17109584808,22032,6098,9.646633502106933
j-reversible-sp-unigram-48k,2,kanbun,0.75,0.7501628,4292,5.371074773813246,47936.64414691925,12876,4633,10.346782677945015
j-reversible-sp-unigram-48k,2,old_orthography,0.75,0.7501628,13,2.1788734984600344,58.90092086791992,39,7,8.414417266845703
j-reversible-sp-unigram-48k,2,technical,0.75,0.7501628,34542,5.593955858009015,212669.54013442993,54848,20968,10.142576313164342
j-reversible-sp-unigram-48k,2,unicode_edge,0.75,0.7501628,70,10.859994809100993,1031.2777452468872,137,94,10.971039843051992
j-reversible-sp-unigram-48k,2,web_novel,0.75,0.7501628,148523,2.2422230529910445,613874.1981983185,394980,65296,9.401405877822814
j-reversible-sp-unigram-48k,2,whitespace,0.75,0.7501628,34,6.208781570829739,197.96557426452637,46,19,10.419240750764546
j-reversible-sp-unigram-48k,2,aa,1.0,1.0,468245,1.7678358612141054,1597014.2698888779,1303291,175826,9.082924424652088
j-reversible-sp-unigram-48k,2,aozora_kyu_kyu,1.0,1.0,98589,2.1103798437835573,414739.9955434799,283524,44962,9.224233698311462
j-reversible-sp-unigram-48k,2,aozora_shin_kyu,1.0,1.0,363135,2.0477670765984155,1489902.9322471619,1049668,162834,9.149827015532148
j-reversible-sp-unigram-48k,2,aozora_shin_shin,1.0,1.0,500000,1.9164863832409698,1932040.6480455399,1454404,210650,9.171804642988558
j-reversible-sp-unigram-48k,2,gyaru,1.0,1.0,211,5.94784123132119,2255.1329708099365,547,223,10.112703904977295
j-reversible-sp-unigram-48k,2,historical_kana,1.0,1.0,11,2.47183021801502,56.54029083251953,33,6,9.423381805419922
j-reversible-sp-unigram-48k,2,kakikudashi,1.0,1.0,7344,3.855089249243043,58872.681982040405,22032,6098,9.65442472647432
j-reversible-sp-unigram-48k,2,kanbun,1.0,1.0,4292,5.365920405575414,47890.641600608826,12876,4633,10.336853356487984
j-reversible-sp-unigram-48k,2,old_orthography,1.0,1.0,13,2.17539496854406,58.80688667297363,39,7,8.400983810424805
j-reversible-sp-unigram-48k,2,technical,1.0,1.0,34542,5.4285932244000685,206382.8270931244,54848,20968,9.842752150568694
j-reversible-sp-unigram-48k,2,unicode_edge,1.0,1.0,70,10.733587299604482,1019.2739410400391,137,94,10.843339798298288
j-reversible-sp-unigram-48k,2,web_novel,1.0,1.0,148523,2.230365404208835,610627.8197307587,394980,65296,9.351688001267439
j-reversible-sp-unigram-48k,2,whitespace,1.0,1.0,34,6.068547096776362,193.49423027038574,46,19,10.183906856336092
